setID,number,name,year,theme,subtheme,pieces,minifigs,availability,packagingType,imageURL,bricksetURL
51899,30731,Tom Nook and Flying Present,2026,Animal Crossing,Promotional,33,1,{Not specified},Paper bag,https://images.brickset.com/sets/images/30731-1.jpg,https://brickset.com/sets/30731-1
52612,77059,{?},2026,Animal Crossing,,,,{Not specified},{Not specified},,https://brickset.com/sets/77059-1
51647,21064,Paris - City of Love,2026,Architecture,,958,,Retail,Box,https://images.brickset.com/sets/images/21064-1.jpg,https://brickset.com/sets/21064-1
51648,21065,{?},2026,Architecture,Landmark Series,12060,,{Not specified},Box,,https://brickset.com/sets/21065-1
51649,21066,{?},2026,Architecture,,1465,,Retail,Box,,https://brickset.com/sets/21066-1
51650,21067,{?},2026,Architecture,,3745,,Retail,Box,,https://brickset.com/sets/21067-1
51651,31218,Japanese Cherry Blossom Landscape,2026,Art,Paintings,1892,,Retail,Box,https://images.brickset.com/sets/images/31218-1.jpg,https://brickset.com/sets/31218-1
51652,31220,Claude Monet - Bridge over a Pond of Water Lilies,2026,Art,Paintings,3179,,Retail,Box,https://images.brickset.com/sets/images/31220-1.jpg,https://brickset.com/sets/31220-1
51973,11216,{?},2026,Bluey,,,,{Not specified},{Not specified},,https://brickset.com/sets/11216-1
51974,11217,{?},2026,Bluey,,,,{Not specified},{Not specified},,https://brickset.com/sets/11217-1
51975,11221,{?},2026,Bluey,,,,{Not specified},{Not specified},,https://brickset.com/sets/11221-1
52613,30713,Fancy Restaurant with Bingo,2026,Bluey,,23,,Retail - limited,Paper bag,,https://brickset.com/sets/30713-1
52413,BLOCKS136,Blocks magazine issue 136,2026,Books,Magazines/Blocks,,,{Not specified},{Not specified},https://images.brickset.com/sets/images/BLOCKS136-1.jpg,https://brickset.com/sets/BLOCKS136-1
52486,BLOCKS137,Blocks magazine issue 137,2026,Books,Magazines/Blocks,,,{Not specified},{Not specified},https://images.brickset.com/sets/images/BLOCKS137-1.jpg,https://brickset.com/sets/BLOCKS137-1
52611,BLOCKS138,Blocks magazine issue 138,2026,Books,Magazines/Blocks,,,{Not specified},{Not specified},https://images.brickset.com/sets/images/BLOCKS138-1.jpg,https://brickset.com/sets/BLOCKS138-1
52707,BLOCKSSTARWARS,LEGO Star Wars Special,2026,Books,Magazines/Blocks,,,{Not specified},{Not specified},https://images.brickset.com/sets/images/BLOCKSSTARWARS-1.jpg,https://brickset.com/sets/BLOCKSSTARWARS-1
52267,ISBN9780241788059,LEGO Marvel: Secrets of the Avengers,2026,Books,Dorling Kindersley,4,,Retail,{Not specified},https://images.brickset.com/sets/images/ISBN9780241788059-1.jpg,https://brickset.com/sets/ISBN9780241788059-1
52268,ISBN9780241789926,LEGO Disney: Character Guide,2026,Books,Dorling Kindersley,4,,Retail,{Not specified},https://images.brickset.com/sets/images/ISBN9780241789926-1.jpg,https://brickset.com/sets/ISBN9780241789926-1
52368,ISBN9780241789940,"LEGO NINJAGO: Visual Dictionary, Updated Edition",2026,Books,Dorling Kindersley,,,Retail,{Not specified},https://images.brickset.com/sets/images/ISBN9780241789940-1.jpg,https://brickset.com/sets/ISBN9780241789940-1
52610,ISBN9780241816516,LEGO Star Wars: Luke Skywalker's Galactic Adventures,2026,Books,Dorling Kindersley,4,,Retail - limited,{Not specified},https://images.brickset.com/sets/images/ISBN9780241816516-1.jpg,https://brickset.com/sets/ISBN9780241816516-1
52591,ISBN9781837251957,Tiny Pets: Corgi,2026,Books,Buster Books,,,{Not specified},{Not specified},https://images.brickset.com/sets/images/ISBN9781837251957-1.jpg,https://brickset.com/sets/ISBN9781837251957-1
52592,ISBN9781837251964,Tiny Pets: Pig,2026,Books,Buster Books,,,{Not specified},{Not specified},https://images.brickset.com/sets/images/ISBN9781837251964-1.jpg,https://brickset.com/sets/ISBN9781837251964-1
52590,ISBN9781837252121,Tiny Pets: Koala,2026,Books,Buster Books,,,{Not specified},{Not specified},https://images.brickset.com/sets/images/ISBN9781837252121-1.jpg,https://brickset.com/sets/ISBN9781837252121-1
52593,ISBN9781837252138,Tiny Pets: Panda,2026,Books,Buster Books,,,{Not specified},{Not specified},https://images.brickset.com/sets/images/ISBN9781837252138-1.jpg,https://brickset.com/sets/ISBN9781837252138-1
52450,ISBN9798217140022,LEGO Holiday Ideas,2026,Books,Dorling Kindersley,,,Retail,{Not specified},https://images.brickset.com/sets/images/ISBN9798217140022-1.jpg,https://brickset.com/sets/ISBN9798217140022-1
52395,WORLDBUILDER,LEGO City: World Builder,2026,Books,Dorling Kindersley,129,,Retail - limited,{Not specified},https://images.brickset.com/sets/images/WORLDBUILDER-1.jpg,https://brickset.com/sets/WORLDBUILDER-1
51653,11501,Tulip Bouquet,2026,Botanicals,Botanical Collection,576,,Retail,Box,https://images.brickset.com/sets/images/11501-1.jpg,https://brickset.com/sets/11501-1
51654,11502,Sunflower Bouquet,2026,Botanicals,Botanical Collection,686,,Retail,Box,https://images.brickset.com/sets/images/11502-1.jpg,https://brickset.com/sets/11502-1
52274,11503,Flower Wall,2026,Botanicals,Botanical Collection,879,,Retail,Box,https://images.brickset.com/sets/images/11503-1.jpg,https://brickset.com/sets/11503-1
51655,11504,Peace Lily,2026,Botanicals,Botanical Collection,474,,Retail,Box,https://images.brickset.com/sets/images/11504-1.jpg,https://brickset.com/sets/11504-1
52614,11505,{?},2026,Botanicals,,,,{Not specified},{Not specified},,https://brickset.com/sets/11505-1
52247,11506,Rocking Plants,2026,Botanicals,Botanical Collection,253,,Retail,Box,https://images.brickset.com/sets/images/11506-1.jpg,https://brickset.com/sets/11506-1
52615,11507,{?},2026,Botanicals,,,,{Not specified},{Not specified},,https://brickset.com/sets/11507-1
51656,11508,Daisies,2026,Botanicals,Botanical Collection,133,,Retail,Box,https://images.brickset.com/sets/images/11508-1.jpg,https://brickset.com/sets/11508-1
51657,11509,Flowering Cactus,2026,Botanicals,Botanical Collection,482,,Retail,Box,https://images.brickset.com/sets/images/11509-1.jpg,https://brickset.com/sets/11509-1
51658,11510,Magnolia Branches,2026,Botanicals,Botanical Collection,435,,Retail,Box,https://images.brickset.com/sets/images/11510-1.jpg,https://brickset.com/sets/11510-1
52616,11511,{?},2026,Botanicals,,,,{Not specified},{Not specified},,https://brickset.com/sets/11511-1
52617,11514,{?},2026,Botanicals,,,,{Not specified},{Not specified},,https://brickset.com/sets/11514-1
52411,40916,Floral Picture Frame,2026,Botanicals,Botanical Collection,310,,LEGO exclusive,Box,https://images.brickset.com/sets/images/40916-1.jpg,https://brickset.com/sets/40916-1
52582,6614216,Micro Cactus,2026,Botanicals,Promotional,39,,Promotional,None (loose parts),https://images.brickset.com/sets/images/6614216-1.jpg,https://brickset.com/sets/6614216-1
52477,6614217,Micro Peace Lily,2026,Botanicals,Promotional,46,,{Not specified},None (loose parts),https://images.brickset.com/sets/images/6614217-1.jpg,https://brickset.com/sets/6614217-1
52469,40856,The Mandalorian and Grogu: Allies & Villains,2026,BrickHeadz,Star Wars,661,,LEGO exclusive,Box,https://images.brickset.com/sets/images/40856-1.jpg,https://brickset.com/sets/40856-1
52430,40861,"Sulley, Mike and Boo Figures",2026,BrickHeadz,Disney,303,,LEGO exclusive,Box,https://images.brickset.com/sets/images/40861-1.jpg,https://brickset.com/sets/40861-1
52437,40878,Teenage Mutant Ninja Turtles Figures,2026,BrickHeadz,Teenage Mutant Ninja Turtles,567,,LEGO exclusive,Box,https://images.brickset.com/sets/images/40878-1.jpg,https://brickset.com/sets/40878-1
51659,40879,"Eleven, Max, Demogorgon and Holly Figures",2026,BrickHeadz,Stranger Things,584,,Retail,Box,https://images.brickset.com/sets/images/40879-1.jpg,https://brickset.com/sets/40879-1
52431,40881,Supply Llama & Fishstick,2026,BrickHeadz,Fortnite,300,,LEGO exclusive,Box,https://images.brickset.com/sets/images/40881-1.jpg,https://brickset.com/sets/40881-1
51724,40910,Beef Boss & Skye,2026,BrickHeadz,Fortnite,288,,Insiders Reward,Box,https://images.brickset.com/sets/images/40910-1.jpg,https://brickset.com/sets/40910-1
51660,40922,Angel,2026,BrickHeadz,Disney,133,,LEGO exclusive,Box,https://images.brickset.com/sets/images/40922-1.jpg,https://brickset.com/sets/40922-1
52352,910059,Privateer Frigate Fortuna,2026,BrickLink,Designer Program Series 7,4087,,LEGO exclusive,Box,https://images.brickset.com/sets/images/910059-1.jpg,https://brickset.com/sets/910059-1
52353,910060,Sushi Restaurant,2026,BrickLink,Designer Program Series 7,3604,,LEGO exclusive,Box,https://images.brickset.com/sets/images/910060-1.jpg,https://brickset.com/sets/910060-1
52354,910061,Antique Collection,2026,BrickLink,Designer Program Series 7,1504,,LEGO exclusive,Box,https://images.brickset.com/sets/images/910061-1.jpg,https://brickset.com/sets/910061-1
52355,910062,Alchemist's Shop,2026,BrickLink,Designer Program Series 7,2319,,LEGO exclusive,Box,https://images.brickset.com/sets/images/910062-1.jpg,https://brickset.com/sets/910062-1
52356,910063,W.A.L.T.,2026,BrickLink,Designer Program Series 7,654,,LEGO exclusive,Box,https://images.brickset.com/sets/images/910063-1.jpg,https://brickset.com/sets/910063-1
52383,12010,City World Builder parts,2026,City,Book Parts,63,,{Not specified},Polybag,,https://brickset.com/sets/12010-1
52382,12011,City World Builder parts,2026,City,Book Parts,66,,{Not specified},Polybag,https://images.brickset.com/sets/images/12011-1.jpg,https://brickset.com/sets/12011-1
51661,30719,Go-Kart Racer,2026,City,Racing,48,1,Retail - limited,Paper bag,https://images.brickset.com/sets/images/30719-1.jpg,https://brickset.com/sets/30719-1
51662,60478,Cement Mixer,2026,City,Construction,371,3,Retail,Box,https://images.brickset.com/sets/images/60478-1.jpg,https://brickset.com/sets/60478-1
51663,60479,Police Prisoner Transport Van,2026,City,Police,198,3,Retail,Box,https://images.brickset.com/sets/images/60479-1.jpg,https://brickset.com/sets/60479-1
51952,60480,{?},2026,City,Construction,301,,Retail,Box,,https://brickset.com/sets/60480-1
51664,60481,Police Truck,2026,City,Rides,71,1,Retail,Box,https://images.brickset.com/sets/images/60481-1.jpg,https://brickset.com/sets/60481-1
51665,60482,Fire Engine,2026,City,Rides,67,1,Retail,Box,https://images.brickset.com/sets/images/60482-1.jpg,https://brickset.com/sets/60482-1
51666,60483,Loader,2026,City,Rides,61,1,Retail,Box,https://images.brickset.com/sets/images/60483-1.jpg,https://brickset.com/sets/60483-1
51667,60484,Gaming Car,2026,City,Rides,64,1,Retail,Box,https://images.brickset.com/sets/images/60484-1.jpg,https://brickset.com/sets/60484-1
51668,60485,Hot Rod,2026,City,Racing,81,1,Retail,Box,https://images.brickset.com/sets/images/60485-1.jpg,https://brickset.com/sets/60485-1
51669,60486,EV Supercar,2026,City,Traffic,109,1,Retail,Box,https://images.brickset.com/sets/images/60486-1.jpg,https://brickset.com/sets/60486-1
51670,60487,Yellow Taxi,2026,City,Traffic,122,2,Retail,Box,https://images.brickset.com/sets/images/60487-1.jpg,https://brickset.com/sets/60487-1
51671,60488,Fries Food Truck,2026,City,Traffic,216,2,Retail,Box,https://images.brickset.com/sets/images/60488-1.jpg,https://brickset.com/sets/60488-1
51672,60489,Jet vs. Car,2026,City,Racing,259,2,Retail,Box,https://images.brickset.com/sets/images/60489-1.jpg,https://brickset.com/sets/60489-1
51673,60490,Snowplough,2026,City,Traffic,263,1,Retail,Box,https://images.brickset.com/sets/images/60490-1.jpg,https://brickset.com/sets/60490-1
51674,60491,Motorcycle Transporter,2026,City,Traffic,88,2,Retail,Box,https://images.brickset.com/sets/images/60491-1.jpg,https://brickset.com/sets/60491-1
51953,60492,{?},2026,City,Airport,118,,Retail,Box,,https://brickset.com/sets/60492-1
51675,60493,F1 Display Truck with Audi F1 Race Car,2026,City,Formula 1,508,3,Retail,Box,https://images.brickset.com/sets/images/60493-1.jpg,https://brickset.com/sets/60493-1
51954,60494,{?},2026,City,Construction,1132,,Retail,Box,,https://brickset.com/sets/60494-1
51676,60495,Recycling Truck,2026,City,Traffic,434,2,Retail,Box,https://images.brickset.com/sets/images/60495-1.jpg,https://brickset.com/sets/60495-1
51955,60496,{?},2026,City,,494,,Retail,Box,,https://brickset.com/sets/60496-1
51956,60497,{?},2026,City,,583,,Retail,Box,,https://brickset.com/sets/60497-1
51677,60498,Tractor,2026,City,Farm,204,1,Retail,Box,https://images.brickset.com/sets/images/60498-1.jpg,https://brickset.com/sets/60498-1
51678,60499,Airport Fire Truck,2026,City,Airport,691,4,Retail,Box,https://images.brickset.com/sets/images/60499-1.jpg,https://brickset.com/sets/60499-1
51679,60500,The LEGO Van,2026,City,Traffic,276,2,Retail,Box,https://images.brickset.com/sets/images/60500-1.jpg,https://brickset.com/sets/60500-1
51957,60501,{?},2026,City,,,,{Not specified},{Not specified},,https://brickset.com/sets/60501-1
51680,60502,Airport with Airplane,2026,City,Airport,887,9,Retail,Box,https://images.brickset.com/sets/images/60502-1.jpg,https://brickset.com/sets/60502-1
51681,60503,Coast Guard Helicopter,2026,City,Coast Guard,551,4,Retail,Box,https://images.brickset.com/sets/images/60503-1.jpg,https://brickset.com/sets/60503-1
51682,60504,Coast Guard Rescue Boat,2026,City,Coast Guard,742,5,Retail,Box,https://images.brickset.com/sets/images/60504-1.jpg,https://brickset.com/sets/60504-1
51683,60505,"Airplane, Service Truck & Hovercraft Remix",2026,City,Mix & Match,990,3,Retail,Box,https://images.brickset.com/sets/images/60505-1.jpg,https://brickset.com/sets/60505-1
51958,60506,{?},2026,City,Trains,693,,Retail,Box,,https://brickset.com/sets/60506-1
51684,60508,Police Train Heist,2026,City,Police,1313,6,Retail,Box,https://images.brickset.com/sets/images/60508-1.jpg,https://brickset.com/sets/60508-1
51959,60509,{?},2026,City,,,,{Not specified},{Not specified},,https://brickset.com/sets/60509-1
52618,60510,{?},2026,City,Seasonal,252,,Retail,Box,,https://brickset.com/sets/60510-1
51960,60511,{?},2026,City,Trains,575,,Retail,Box,,https://brickset.com/sets/60511-1
51961,60512,{?},2026,City,,,,{Not specified},{Not specified},,https://brickset.com/sets/60512-1
52401,951440,Police Buggy,2026,City,Magazine Gift,,,Magazine gift,Paper bag,,https://brickset.com/sets/951440-1
52410,951441,Construction Worker with Wheel Loader,2026,City,Magazine Gift,,,Magazine gift,Paper bag,,https://brickset.com/sets/951441-1
52468,L0002220,Police Officer with Snowmobile,2026,City,Magazine Gift,32,1,Magazine gift,Paper bag,https://images.brickset.com/sets/images/L0002220-1.jpg,https://brickset.com/sets/L0002220-1
52349,L0002221,Construction Worker with Bulldozer,2026,City,Magazine Gift,25,1,Magazine gift,Paper bag,https://images.brickset.com/sets/images/L0002221-1.jpg,https://brickset.com/sets/L0002221-1
52716,L0002222,Stunt Rider with Motorcycle,2026,City,Magazine Gift,14,,Retail - limited,Paper bag,https://images.brickset.com/sets/images/L0002222-1.jpg,https://brickset.com/sets/L0002222-1
52619,11045,{?},2026,Classic,,,,{Not specified},{Not specified},,https://brickset.com/sets/11045-1
51685,30714,Orange Cat,2026,Creator,3 in 1,79,,Retail - limited,Paper bag,https://images.brickset.com/sets/images/30714-1.jpg,https://brickset.com/sets/30714-1
51686,30715,Cute Animal Birthday Party,2026,Creator,Seasonal,64,,Retail,Paper bag,https://images.brickset.com/sets/images/30715-1.jpg,https://brickset.com/sets/30715-1
51895,30716,Cute Easter Bunny,2026,Creator,Seasonal,66,,Retail - limited,Paper bag,https://images.brickset.com/sets/images/30716-1.jpg,https://brickset.com/sets/30716-1
52620,30717,Fun Halloween Skeleton,2026,Creator,Seasonal,71,,Retail - limited,Paper bag,,https://brickset.com/sets/30717-1
52621,30718,{?},2026,Creator,,,,{Not specified},Paper bag,,https://brickset.com/sets/30718-1
51687,31376,Cute Hamster with a Flower,2026,Creator,3 in 1,166,,Retail,Box,https://images.brickset.com/sets/images/31376-1.jpg,https://brickset.com/sets/31376-1
51688,31377,Turtle with a Water Lily,2026,Creator,3 in 1,124,,Retail,Box,https://images.brickset.com/sets/images/31377-1.jpg,https://brickset.com/sets/31377-1
51689,31378,Space Exploration Telescope,2026,Creator,3 in 1,278,,Retail,Box,https://images.brickset.com/sets/images/31378-1.jpg,https://brickset.com/sets/31378-1
51690,31379,Fierce Dinosaur,2026,Creator,3 in 1,283,,Retail,Box,https://images.brickset.com/sets/images/31379-1.jpg,https://brickset.com/sets/31379-1
51691,31380,Retro Gaming Console,2026,Creator,3 in 1,268,,Retail,Box,https://images.brickset.com/sets/images/31380-1.jpg,https://brickset.com/sets/31380-1
51692,31381,Fierce Shark with a Treasure Chest,2026,Creator,3 in 1,379,,Retail,Box,https://images.brickset.com/sets/images/31381-1.jpg,https://brickset.com/sets/31381-1
51693,31382,Playful Puppy,2026,Creator,3 in 1,336,,Retail,Box,https://images.brickset.com/sets/images/31382-1.jpg,https://brickset.com/sets/31382-1
52622,31383,{?},2026,Creator,,,,{Not specified},{Not specified},,https://brickset.com/sets/31383-1
51694,31384,Colourful Hummingbird,2026,Creator,3 in 1,312,,Retail,Box,https://images.brickset.com/sets/images/31384-1.jpg,https://brickset.com/sets/31384-1
51695,31385,Beautiful Dolphins,2026,Creator,3 in 1,542,,Retail,Box,https://images.brickset.com/sets/images/31385-1.jpg,https://brickset.com/sets/31385-1
52623,31386,{?},2026,Creator,,,,{Not specified},{Not specified},,https://brickset.com/sets/31386-1
52624,31387,{?},2026,Creator,,,,{Not specified},{Not specified},,https://brickset.com/sets/31387-1
52625,31389,{?},2026,Creator,,,,{Not specified},{Not specified},,https://brickset.com/sets/31389-1
52626,31390,{?},2026,Creator,,,,{Not specified},{Not specified},,https://brickset.com/sets/31390-1
52627,31391,{?},2026,Creator,,,,{Not specified},{Not specified},,https://brickset.com/sets/31391-1
52628,31392,{?},2026,Creator,,,,{Not specified},{Not specified},,https://brickset.com/sets/31392-1
52455,40885,Duck Family,2026,Creator,Promotional,262,,LEGO exclusive,Box,https://images.brickset.com/sets/images/40885-1.jpg,https://brickset.com/sets/40885-1
52425,40953,London Bus,2026,Creator,Miscellaneous,245,,Retail,Box,https://images.brickset.com/sets/images/40953-1.jpg,https://brickset.com/sets/40953-1
52424,40954,Germany Postcard,2026,Creator,Postcard,240,,LEGO exclusive,Box,https://images.brickset.com/sets/images/40954-1.jpg,https://brickset.com/sets/40954-1
51898,30726,Bruce Wayne and the Batsuit,2026,DC Comics Super Heroes,Batman,35,2,Retail - limited,Paper bag,https://images.brickset.com/sets/images/30726-1.jpg,https://brickset.com/sets/30726-1
51855,76330,Batman Logo,2026,DC Comics Super Heroes,Batman,678,2,Retail,Box,https://images.brickset.com/sets/images/76330-1.jpg,https://brickset.com/sets/76330-1
51856,76331,Batman v Superman Batmobile,2026,DC Comics Super Heroes,Legendary Batmobile Collection,220,1,Retail,Box,https://images.brickset.com/sets/images/76331-1.jpg,https://brickset.com/sets/76331-1
51857,76332,The Batman Batmobile,2026,DC Comics Super Heroes,Legendary Batmobile Collection,330,1,Retail,Box,https://images.brickset.com/sets/images/76332-1.jpg,https://brickset.com/sets/76332-1
52046,76333,Batman & Robin Batmobile,2026,DC Comics Super Heroes,Legendary Batmobile Collection,272,1,LEGO exclusive,Box,https://images.brickset.com/sets/images/76333-1.jpg,https://brickset.com/sets/76333-1
52359,L0002270,Mr. Freeze with Snowman,2026,DC Comics Super Heroes,Magazine Gift,12,,Magazine gift,Paper bag,https://images.brickset.com/sets/images/L0002270-1.jpg,https://brickset.com/sets/L0002270-1
51696,30720,Ariel & Flounder's Birthday Music Fun,2026,Disney,Disney Princess,39,1,Retail - limited,Paper bag,https://images.brickset.com/sets/images/30720-1.jpg,https://brickset.com/sets/30720-1
51697,40857,{?},2026,Disney,,,,{Not specified},{Not specified},,https://brickset.com/sets/40857-1
52572,43002,{?},2026,Disney,Disney Parks,,,{Not specified},Box,,https://brickset.com/sets/43002-1
51978,43280,{?},2026,Disney,,,,{Not specified},{Not specified},,https://brickset.com/sets/43280-1
51698,43281,Elsa's Ice Castle & Snow Ride Adventure,2026,Disney,Frozen,216,6,Retail,Box,https://images.brickset.com/sets/images/43281-1.jpg,https://brickset.com/sets/43281-1
51980,43282,{?},2026,Disney,,,,{Not specified},{Not specified},,https://brickset.com/sets/43282-1
51981,43283,{?},2026,Disney,,,,{Not specified},{Not specified},,https://brickset.com/sets/43283-1
51699,43284,Mini Anna & Elsa,2026,Disney,Mini Disney Princess,65,,Retail,Box,https://images.brickset.com/sets/images/43284-1.jpg,https://brickset.com/sets/43284-1
51700,43285,Ariel's Magical Mini Palace,2026,Disney,The Little Mermaid,179,1,Retail,Box,https://images.brickset.com/sets/images/43285-1.jpg,https://brickset.com/sets/43285-1
51701,43286,The Aristocats Adorable Marie,2026,Disney,The Aristocats,369,,Retail,Box,https://images.brickset.com/sets/images/43286-1.jpg,https://brickset.com/sets/43286-1
51702,43287,Olaf and Bruni's Picnic Fun,2026,Disney,Frozen II,478,,Retail,Box,https://images.brickset.com/sets/images/43287-1.jpg,https://brickset.com/sets/43287-1
51703,43288,Sally's Flowerpot,2026,Disney,The Nightmare Before Christmas,346,1,Retail,Box,https://images.brickset.com/sets/images/43288-1.jpg,https://brickset.com/sets/43288-1
51982,43289,{?},2026,Disney,,,,{Not specified},{Not specified},,https://brickset.com/sets/43289-1
51704,43290,Kevin & Dug,2026,Disney,Up,628,,Retail,Box,https://images.brickset.com/sets/images/43290-1.jpg,https://brickset.com/sets/43290-1
51705,43291,Mini Belle & Tiana with Castle,2026,Disney,Mini Disney Princess,358,,Retail,Box,https://images.brickset.com/sets/images/43291-1.jpg,https://brickset.com/sets/43291-1
51979,43292,{?},2026,Disney,,,,{Not specified},{Not specified},,https://brickset.com/sets/43292-1
51983,43293,{?},2026,Disney,,,,{Not specified},{Not specified},,https://brickset.com/sets/43293-1
51984,43294,{?},2026,Disney,,,,{Not specified},{Not specified},,https://brickset.com/sets/43294-1
51985,43295,{?},2026,Disney,,,,{Not specified},{Not specified},,https://brickset.com/sets/43295-1
51986,43296,{?},2026,Disney,,,,{Not specified},{Not specified},,https://brickset.com/sets/43296-1
51987,43297,{?},2026,Disney,,,,{Not specified},{Not specified},,https://brickset.com/sets/43297-1
52638,43298,{?},2026,Disney,,,,{Not specified},{Not specified},,https://brickset.com/sets/43298-1
51988,43299,{?},2026,Disney,,,,{Not specified},{Not specified},,https://brickset.com/sets/43299-1
51706,43300,Winnie the Pooh,2026,Disney,Winnie the Pooh,1399,2,Retail,Box,https://images.brickset.com/sets/images/43300-1.jpg,https://brickset.com/sets/43300-1
51707,43301,Toy Story Slinky Dog Bookends,2026,Disney,Toy Story,1311,,Retail,Box,https://images.brickset.com/sets/images/43301-1.jpg,https://brickset.com/sets/43301-1
51989,43302,{?},2026,Disney,,,,{Not specified},{Not specified},,https://brickset.com/sets/43302-1
51708,43303,Mini Jasmine & Rapunzel,2026,Disney,Mini Disney Princess,59,,Retail,Box,https://images.brickset.com/sets/images/43303-1.jpg,https://brickset.com/sets/43303-1
51709,43304,{?},2026,Disney,,,,{Not specified},{Not specified},,https://brickset.com/sets/43304-1
52428,43305,Piglet's Birthday Fun,2026,Disney,Winnie the Pooh,544,1,Retail,Box,https://images.brickset.com/sets/images/43305-1.jpg,https://brickset.com/sets/43305-1
52683,43306,Lotso,2026,Disney,Toy Story,570,,{Not specified},Box,https://images.brickset.com/sets/images/43306-1.jpg,https://brickset.com/sets/43306-1
52684,43307,Alien with Pizza Planet Rocket Ride,2026,Disney,Toy Story,714,,{Not specified},Box,https://images.brickset.com/sets/images/43307-1.jpg,https://brickset.com/sets/43307-1
52435,6614223,Little HeiHei,2026,Disney,Promotional,32,,{Not specified},None (loose parts),https://images.brickset.com/sets/images/6614223-1.jpg,https://brickset.com/sets/6614223-1
51710,71508,Fox Guardian Mech,2026,Dreamzzz,Season 4,883,5,Retail,Box,https://images.brickset.com/sets/images/71508-1.jpg,https://brickset.com/sets/71508-1
51711,71512,Crocodile Submarine,2026,Dreamzzz,Season 4,1107,4,Retail,Box,https://images.brickset.com/sets/images/71512-1.jpg,https://brickset.com/sets/71512-1
51712,71513,Nightmare Scorpion Digger,2026,Dreamzzz,Season 4,505,3,Retail,Box,https://images.brickset.com/sets/images/71513-1.jpg,https://brickset.com/sets/71513-1
51713,71514,Dino Jet,2026,Dreamzzz,Season 4,1007,5,Retail,Box,https://images.brickset.com/sets/images/71514-1.jpg,https://brickset.com/sets/71514-1
51714,71515,Tiger Shark Tank,2026,Dreamzzz,Season 4,1548,8,Retail,Box,https://images.brickset.com/sets/images/71515-1.jpg,https://brickset.com/sets/71515-1
52581,L0002288,Mateo,2026,Dreamzzz,Magazine Gift,6,1,Magazine gift,Paper bag,https://images.brickset.com/sets/images/L0002288-1.jpg,https://brickset.com/sets/L0002288-1
52639,10462,{?},2026,DUPLO,,,,{Not specified},{Not specified},,https://brickset.com/sets/10462-1
52306,10463,Dinosaur Spidey-Rex vs. Green Goblin,2026,Duplo,Spidey and His Amazing Friends,25,,Retail,Box,https://images.brickset.com/sets/images/10463-1.jpg,https://brickset.com/sets/10463-1
52640,10464,{?},2026,DUPLO,,,,{Not specified},{Not specified},,https://brickset.com/sets/10464-1
52305,10465,Mickey Mouse Clubhouse with Minnie & Pluto,2026,Duplo,Mickey Mouse Clubhouse,87,,Retail,Box,https://images.brickset.com/sets/images/10465-1.jpg,https://brickset.com/sets/10465-1
52432,10466,Train Ride with Grandpa Pig,2026,Duplo,Peppa Pig,35,2,Retail,Box,https://images.brickset.com/sets/images/10466-1.jpg,https://brickset.com/sets/10466-1
52433,10467,Family House,2026,Duplo,Peppa Pig,84,2,Retail,Box,https://images.brickset.com/sets/images/10467-1.jpg,https://brickset.com/sets/10467-1
52434,10468,Tractor and Market,2026,Duplo,Peppa Pig,18,,Retail,Box,https://images.brickset.com/sets/images/10468-1.jpg,https://brickset.com/sets/10468-1
52641,10469,{?},2026,DUPLO,,,,{Not specified},{Not specified},,https://brickset.com/sets/10469-1
51716,10470,3 in 1 Modern Family House with Figures,2026,Duplo,,166,4,Retail,Box,https://images.brickset.com/sets/images/10470-1.jpg,https://brickset.com/sets/10470-1
51717,10471,Blue Police Motorcycle,2026,Duplo,,11,1,Retail,Box,https://images.brickset.com/sets/images/10471-1.jpg,https://brickset.com/sets/10471-1
52642,10472,{?},2026,DUPLO,,,,{Not specified},{Not specified},,https://brickset.com/sets/10472-1
51718,10473,Fire Truck with Hose and Firefighter,2026,Duplo,,28,1,Retail,Box,https://images.brickset.com/sets/images/10473-1.jpg,https://brickset.com/sets/10473-1
51719,10474,Creative Vehicles,2026,Duplo,,42,,Retail,Box,https://images.brickset.com/sets/images/10474-1.jpg,https://brickset.com/sets/10474-1
51720,10475,3 in 1 Construction Vehicles,2026,Duplo,,22,2,Retail,Box,https://images.brickset.com/sets/images/10475-1.jpg,https://brickset.com/sets/10475-1
51721,10476,3 in 1 Construction Site and Vehicles,2026,Duplo,,84,2,Retail,Box,https://images.brickset.com/sets/images/10476-1.jpg,https://brickset.com/sets/10476-1
51722,10477,3 in 1 My First Creative Cute Pets,2026,Duplo,My First,24,,Retail,Box,https://images.brickset.com/sets/images/10477-1.jpg,https://brickset.com/sets/10477-1
52471,10478,3 in 1 Creative Ramps with Vehicles,2026,Duplo,,111,,Retail,Box,https://images.brickset.com/sets/images/10478-1.jpg,https://brickset.com/sets/10478-1
52643,10479,{?},2026,DUPLO,,,,{Not specified},{Not specified},,https://brickset.com/sets/10479-1
52644,10480,{?},2026,DUPLO,,,,{Not specified},{Not specified},,https://brickset.com/sets/10480-1
51723,10481,{?},2026,Duplo,,,,{Not specified},{Not specified},,https://brickset.com/sets/10481-1
51715,30712,Celebration Cake,2026,Duplo,,9,,LEGO exclusive,Paper bag,https://images.brickset.com/sets/images/30712-1.jpg,https://brickset.com/sets/30712-1
52445,LANDDUCK,M&T Land Duck,2026,Duplo,,6,,Promotional,{Not specified},https://images.brickset.com/sets/images/LANDDUCK-1.jpg,https://brickset.com/sets/LANDDUCK-1
52448,PONDDUCK,M&T Pond Duck,2026,Duplo,,7,,Promotional,None (loose parts),https://images.brickset.com/sets/images/PONDDUCK-1.jpg,https://brickset.com/sets/PONDDUCK-1
51817,43011,Lionel Messi – Football Highlights,2026,Editions,,500,,{Not specified},Box,https://images.brickset.com/sets/images/43011-1.jpg,https://brickset.com/sets/43011-1
51818,43012,Cristiano Ronaldo – Football Highlights,2026,Editions,,490,,{Not specified},Box,https://images.brickset.com/sets/images/43012-1.jpg,https://brickset.com/sets/43012-1
51819,43013,Kylian Mbappé – Football Highlights,2026,Editions,,490,,{Not specified},Box,https://images.brickset.com/sets/images/43013-1.jpg,https://brickset.com/sets/43013-1
51820,43014,Scuderia Ferrari HP Charles Leclerc Helmet,2026,Editions,F1 Helmets,886,,{Not specified},Box,https://images.brickset.com/sets/images/43014-1.jpg,https://brickset.com/sets/43014-1
51821,43015,Lionel Messi – Football Legend,2026,Editions,,958,,{Not specified},Box,https://images.brickset.com/sets/images/43015-1.jpg,https://brickset.com/sets/43015-1
51822,43016,Cristiano Ronaldo – Football Legend,2026,Editions,,854,,{Not specified},Box,https://images.brickset.com/sets/images/43016-1.jpg,https://brickset.com/sets/43016-1
52645,43017,{?},2026,Editions,,,,{Not specified},{Not specified},,https://brickset.com/sets/43017-1
52646,43018,Lionel Messi - Celebration,2026,Editions,,1427,,{Not specified},Box,https://images.brickset.com/sets/images/43018-1.jpg,https://brickset.com/sets/43018-1
51823,43019,Football,2026,Editions,,1498,,Retail,Box,https://images.brickset.com/sets/images/43019-1.jpg,https://brickset.com/sets/43019-1
51824,43020,FIFA World Cup Official Trophy,2026,Editions,FIFA,2842,1,Retail,Box,https://images.brickset.com/sets/images/43020-1.jpg,https://brickset.com/sets/43020-1
51825,43022,Scuderia Ferrari HP Lewis Hamilton Helmet ,2026,Editions,F1 Helmets,884,,{Not specified},Box,https://images.brickset.com/sets/images/43022-1.jpg,https://brickset.com/sets/43022-1
51826,43023,{?},2026,Editions,F1 Helmets,793,,{Not specified},Box,,https://brickset.com/sets/43023-1
52512,43024,{?},2026,Editions,F1 Helmets,,,{Not specified},Box,,https://brickset.com/sets/43024-1
51827,43027, Vini Jr. – Football Highlights,2026,Editions,,510,,{Not specified},Box,https://images.brickset.com/sets/images/43027-1.jpg,https://brickset.com/sets/43027-1
52647,43028,{?},2026,Editions,,,,{Not specified},{Not specified},,https://brickset.com/sets/43028-1
52648,43029,{?},2026,Editions,,,,{Not specified},{Not specified},,https://brickset.com/sets/43029-1
52649,43030,{?},2026,Editions,,,,{Not specified},{Not specified},,https://brickset.com/sets/43030-1
52650,43031,{?},2026,Editions,,,,{Not specified},{Not specified},,https://brickset.com/sets/43031-1
52686,43032,FIFA World Cup 2026 Official Emblem,2026,Editions,FIFA,298,,{Not specified},Box,https://images.brickset.com/sets/images/43032-1.jpg,https://brickset.com/sets/43032-1
52687,43033,U.S. Soccer National Team Jersey,2026,Editions,FIFA,167,,{Not specified},Box,https://images.brickset.com/sets/images/43033-1.jpg,https://brickset.com/sets/43033-1
52396,45200,Moon Mission Science Kit,2026,Education,Science,519,2,Retail - limited,Box,https://images.brickset.com/sets/images/45200-1.jpg,https://brickset.com/sets/45200-1
52397,45201,Antarctic Animals Science Kit,2026,Education,Science,461,2,Retail - limited,Box,https://images.brickset.com/sets/images/45201-1.jpg,https://brickset.com/sets/45201-1
52398,45202,Mars Mission Science Kit,2026,Education,Science,933,4,Retail - limited,Box,https://images.brickset.com/sets/images/45202-1.jpg,https://brickset.com/sets/45202-1
52399,45203,Arctic Animals Science Kit,2026,Education,Science,1134,4,Retail - limited,Box,https://images.brickset.com/sets/images/45203-1.jpg,https://brickset.com/sets/45203-1
52376,45520,Computer Science & AI Kit Year 1-3,2026,Education,Computer Science & AI,276,,Educational,Plastic box,https://images.brickset.com/sets/images/45520-1.jpg,https://brickset.com/sets/45520-1
52375,45521,Computer Science & AI Kit Year 4-6,2026,Education,Computer Science & AI,321,,Educational,Plastic box,https://images.brickset.com/sets/images/45521-1.jpg,https://brickset.com/sets/45521-1
52377,45522,Computer Science & AI Kit Year 7-9,2026,Education,Computer Science & AI,379,,Educational,Plastic box,https://images.brickset.com/sets/images/45522-1.jpg,https://brickset.com/sets/45522-1
52403,45545,Computer Science & AI Replacement Pack for Year 1-3,2026,Education,Computer Science & AI,,,{Not specified},Box,https://images.brickset.com/sets/images/45545-1.jpg,https://brickset.com/sets/45545-1
52404,45546,Computer Science & AI Replacement Pack for Year 4-6,2026,Education,Computer Science & AI,,,{Not specified},Box,https://images.brickset.com/sets/images/45546-1.jpg,https://brickset.com/sets/45546-1
52402,45547,Computer Science & AI Replacement Pack for Year 7-9,2026,Education,Computer Science & AI,,,{Not specified},Box,https://images.brickset.com/sets/images/45547-1.jpg,https://brickset.com/sets/45547-1
51725,77079,{?},2026,Fortnite,,210,,Retail,Box,,https://brickset.com/sets/77079-1
51726,77080,{?},2026,Fortnite,,314,,Retail,Box,,https://brickset.com/sets/77080-1
51727,77081,{?},2026,Fortnite,,1230,,Retail,Box,,https://brickset.com/sets/77081-1
51728,77082,{?},2026,Fortnite,,1963,,Retail,Box,,https://brickset.com/sets/77082-1
51729,30721,Flower Stand with Roses,2026,Friends,General,55,1,{Not specified},Paper bag,https://images.brickset.com/sets/images/30721-1.jpg,https://brickset.com/sets/30721-1
51730,30722,Garden Bunny House,2026,Friends,,46,1,Retail - limited,Paper bag,https://images.brickset.com/sets/images/30722-1.jpg,https://brickset.com/sets/30722-1
51731,42675,Unicorn Cake Delivery Car,2026,Friends,General,67,2,Retail,Box,https://images.brickset.com/sets/images/42675-1.jpg,https://brickset.com/sets/42675-1
52651,42676,{?},2026,Friends,,,,{Not specified},{Not specified},,https://brickset.com/sets/42676-1
51732,42677,Dog Treats Bakery,2026,Friends,Heartlake City,278,2,Retail,Box,https://images.brickset.com/sets/images/42677-1.jpg,https://brickset.com/sets/42677-1
51733,42678,Pet Accessories Van,2026,Friends,Pets,237,2,Retail,Box,https://images.brickset.com/sets/images/42678-1.jpg,https://brickset.com/sets/42678-1
51734,42679,Heartlake City Bunny Hotel,2026,Friends,Pets,161,2,Retail,Box,https://images.brickset.com/sets/images/42679-1.jpg,https://brickset.com/sets/42679-1
51735,42680,Heartlake City Mini Supermarket,2026,Friends,Heartlake City,176,2,Retail,Box,https://images.brickset.com/sets/images/42680-1.jpg,https://brickset.com/sets/42680-1
51736,42681,Axolotl Adventure Boat,2026,Friends,General,95,2,Retail,Box,https://images.brickset.com/sets/images/42681-1.jpg,https://brickset.com/sets/42681-1
52652,42682,{?},2026,Friends,,,,{Not specified},{Not specified},,https://brickset.com/sets/42682-1
51737,42684,Unicorn Dream Café,2026,Friends,Heartlake City,475,3,Retail,Box,https://images.brickset.com/sets/images/42684-1.jpg,https://brickset.com/sets/42684-1
51738,42685,Heartlake City Fashion Show,2026,Friends,Heartlake City,410,3,Retail,Box,https://images.brickset.com/sets/images/42685-1.jpg,https://brickset.com/sets/42685-1
51739,42686,Fun Indoor Playground,2026,Friends,General,668,3,Retail,Box,https://images.brickset.com/sets/images/42686-1.jpg,https://brickset.com/sets/42686-1
51740,42687,Liann's Family House,2026,Friends,Houses,946,4,Retail,Box,https://images.brickset.com/sets/images/42687-1.jpg,https://brickset.com/sets/42687-1
51741,42688,Horse Stable and Riding Academy,2026,Friends,Horseback Riding,735,3,Retail,Box,https://images.brickset.com/sets/images/42688-1.jpg,https://brickset.com/sets/42688-1
51742,42689,Heartlake City Friends Club House,2026,Friends,Heartlake City,794,5,Retail,Box,https://images.brickset.com/sets/images/42689-1.jpg,https://brickset.com/sets/42689-1
52653,42690,{?},2026,Friends,,,,{Not specified},{Not specified},,https://brickset.com/sets/42690-1
51743,42691,Garden Restaurant,2026,Friends,Heartlake City,1465,5,Retail,Box,https://images.brickset.com/sets/images/42691-1.jpg,https://brickset.com/sets/42691-1
51744,42692,Ice Cream & Balloon Stand,2026,Friends,Park,107,2,Retail,Box,https://images.brickset.com/sets/images/42692-1.jpg,https://brickset.com/sets/42692-1
52654,42693,{?},2026,Friends,,,,{Not specified},{Not specified},,https://brickset.com/sets/42693-1
52655,42694,{?},2026,Friends,,,,{Not specified},{Not specified},,https://brickset.com/sets/42694-1
51745,42695,Horse & Baby Foal Trailer,2026,Friends,Horseback Riding,279,2,Retail,Box,https://images.brickset.com/sets/images/42695-1.jpg,https://brickset.com/sets/42695-1
51746,42696,Animal Vet Clinic,2026,Friends,Vet,141,2,Retail,Box,https://images.brickset.com/sets/images/42696-1.jpg,https://brickset.com/sets/42696-1
52656,42697,{?},2026,Friends,,,,{Not specified},{Not specified},,https://brickset.com/sets/42697-1
52657,42698,{?},2026,Friends,,,,{Not specified},{Not specified},,https://brickset.com/sets/42698-1
51747,42699,Beach House with Seals,2026,Friends,Beach,400,3,Retail,Box,https://images.brickset.com/sets/images/42699-1.jpg,https://brickset.com/sets/42699-1
52658,42700,{?},2026,Friends,,,,{Not specified},{Not specified},,https://brickset.com/sets/42700-1
52659,42702,{?},2026,Friends,,,,{Not specified},{Not specified},,https://brickset.com/sets/42702-1
52660,42703,{?},2026,Friends,,,,{Not specified},{Not specified},,https://brickset.com/sets/42703-1
52661,42704,{?},2026,Friends,,,,{Not specified},{Not specified},,https://brickset.com/sets/42704-1
52662,42705,{?},2026,Friends,,,,{Not specified},{Not specified},,https://brickset.com/sets/42705-1
52485,562601,Baking Set and Bunny,2026,Friends,Magazine gift,,,Magazine gift,Paper bag,,https://brickset.com/sets/562601-1
52409,951445,Horse stables,2026,Friends,Magazine gift,,,Magazine gift,Paper bag,,https://brickset.com/sets/951445-1
52408,951446,Valeria with Puppy,2026,Friends,Magazine gift,,,Magazine gift,Paper bag,,https://brickset.com/sets/951446-1
52681,6614211,Treat Stand,2026,Friends,Promotional,36,,Promotional,None (loose parts),https://images.brickset.com/sets/images/6614211-1.jpg,https://brickset.com/sets/6614211-1
52663,11212,{?},2026,Gabby's Dollhouse,,,,{Not specified},{Not specified},,https://brickset.com/sets/11212-1
51748,11215,Gabby's Brick-Built Cat Friends,2026,Gabby's Dollhouse,Miscellaneous,324,,Retail,Box,https://images.brickset.com/sets/images/11215-1.jpg,https://brickset.com/sets/11215-1
51896,30724,Dumbledore's Office with Harry,2026,Harry Potter,Chamber of Secrets,42,1,Retail - limited,Paper bag,https://images.brickset.com/sets/images/30724-1.jpg,https://brickset.com/sets/30724-1
51749,76459,Hagrid & Harry's Privet Drive Escape,2026,Harry Potter,Deathly Hallows,124,4,Retail,Box,https://images.brickset.com/sets/images/76459-1.jpg,https://brickset.com/sets/76459-1
51750,76460,Hogwarts Castle: Sorting Hat Ceremony,2026,Harry Potter,Philosopher's Stone,124,4,Retail,Box,https://images.brickset.com/sets/images/76460-1.jpg,https://brickset.com/sets/76460-1
51751,76461,Cornish Pixie,2026,Harry Potter,,320,,Retail,Box,https://images.brickset.com/sets/images/76461-1.jpg,https://brickset.com/sets/76461-1
51932,76462,{?},2026,Harry Potter,,,,{Not specified},{Not specified},,https://brickset.com/sets/76462-1
51752,76463,Hogwarts Castle: Hospital Wing,2026,Harry Potter,Prisoner of Azkaban,907,7,Retail,Box,https://images.brickset.com/sets/images/76463-1.jpg,https://brickset.com/sets/76463-1
51753,76464,Cauldron: Secret Potions Classroom,2026,Harry Potter,,652,2,Retail,Box,https://images.brickset.com/sets/images/76464-1.jpg,https://brickset.com/sets/76464-1
51754,76466,Philosopher's Stone - Collectors' Edition,2026,Harry Potter,Philosopher's Stone,1571,3,Retail,Box,https://images.brickset.com/sets/images/76466-1.jpg,https://brickset.com/sets/76466-1
51755,76467,Luna Lovegood's House,2026,Harry Potter,Deathly Hallows,764,5,Retail,Box,https://images.brickset.com/sets/images/76467-1.jpg,https://brickset.com/sets/76467-1
51933,76469,{?},2026,Harry Potter,,,,{Not specified},{Not specified},,https://brickset.com/sets/76469-1
51756,76470,Enchanted Flying Ford Anglia,2026,Harry Potter,Chamber of Secrets,868,,Retail,Box,https://images.brickset.com/sets/images/76470-1.jpg,https://brickset.com/sets/76470-1
51934,76471,{?},2026,Harry Potter,,,,{Not specified},{Not specified},,https://brickset.com/sets/76471-1
51935,76473,{?},2026,Harry Potter,,,,{Not specified},{Not specified},,https://brickset.com/sets/76473-1
51936,76474,{?},2026,Harry Potter,,,,{Not specified},{Not specified},,https://brickset.com/sets/76474-1
52629,76475,{?},2026,Harry Potter,,,,{Not specified},{Not specified},,https://brickset.com/sets/76475-1
52163,11370,Stranger Things: The Creel House,2026,Icons,Stranger Things,2593,13,LEGO exclusive,Box,https://images.brickset.com/sets/images/11370-1.jpg,https://brickset.com/sets/11370-1
52042,11371,Shopping Street,2026,Icons,Modular Buildings Collection,3456,7,LEGO exclusive,Box,https://images.brickset.com/sets/images/11371-1.jpg,https://brickset.com/sets/11371-1
51758,11372,Autumn Cottage Garden,2026,Icons,Gardens of the World,1102,,Retail,Box,https://images.brickset.com/sets/images/11372-1.jpg,https://brickset.com/sets/11372-1
51759,11373,The Lord of the Rings: Sauron's Helmet,2026,Icons,The Lord of the Rings,538,1,Retail,Box,https://images.brickset.com/sets/images/11373-1.jpg,https://brickset.com/sets/11373-1
51760,11375,Ferrari F2004 & Michael Schumacher,2026,Icons,Formula 1,735,1,Retail,Box,https://images.brickset.com/sets/images/11375-1.jpg,https://brickset.com/sets/11375-1
51761,11376,Ford Model T,2026,Icons,Vehicles,1060,,Retail,Box,https://images.brickset.com/sets/images/11376-1.jpg,https://brickset.com/sets/11376-1
52421,11377,{?},2026,Icons,The Lord of the Rings,8277,,LEGO exclusive,Box,,https://brickset.com/sets/11377-1
52422,11378,Douglas DC-3 PAN AM Airliner,2026,Icons,Miscellaneous,1903,,Retail,Box,https://images.brickset.com/sets/images/11378-1.jpg,https://brickset.com/sets/11378-1
52539,11379,{?},2026,Icons,,1690,,{Not specified},Box,,https://brickset.com/sets/11379-1
52664,11380,{?},2026,Icons,,,,{Not specified},{Not specified},,https://brickset.com/sets/11380-1
52665,11381,{?},2026,Icons,,,,{Not specified},{Not specified},,https://brickset.com/sets/11381-1
52584,11382,{?},2026,Icons,,1552,,Retail,Box,,https://brickset.com/sets/11382-1
52538,11383,{?},2026,Icons,,1420,,{Not specified},Box,,https://brickset.com/sets/11383-1
51762,11384,Golden Retriever Puppy,2026,Icons,Miscellaneous,2102,,Retail,Box,https://images.brickset.com/sets/images/11384-1.jpg,https://brickset.com/sets/11384-1
52537,11386,{?},2026,Icons,,1794,,{Not specified},Box,,https://brickset.com/sets/11386-1
52454,11389,Project Hail Mary,2026,Icons,Project Hail Mary,830,2,Retail,Box,https://images.brickset.com/sets/images/11389-1.jpg,https://brickset.com/sets/11389-1
51781,40891,Stranger Things: WSQK Radio Station,2026,Icons,Stranger Things,234,2,LEGO exclusive,Box,https://images.brickset.com/sets/images/40891-1.jpg,https://brickset.com/sets/40891-1
51757,40913,Vintage Parade Car,2026,Icons,Promotional,243,2,LEGO exclusive,Box,https://images.brickset.com/sets/images/40913-1.jpg,https://brickset.com/sets/40913-1
52044,21364,{?},2026,Ideas,,,,{Not specified},Box,,https://brickset.com/sets/21364-1
52043,21365,Love Birds,2026,Ideas,,750,,Retail,Box,https://images.brickset.com/sets/images/21365-1.jpg,https://brickset.com/sets/21365-1
51763,21366,Floating Sea Otters,2026,Ideas,,1234,,Retail,Box,https://images.brickset.com/sets/images/21366-1.jpg,https://brickset.com/sets/21366-1
52464,21367,Tintin Moon Rocket,2026,Ideas,Licensed,1283,,{Not specified},Box,https://images.brickset.com/sets/images/21367-1.jpg,https://brickset.com/sets/21367-1
52441,21368,Peanuts: Snoopy's Doghouse,2026,Ideas,Licensed,964,,Retail,Box,https://images.brickset.com/sets/images/21368-1.jpg,https://brickset.com/sets/21368-1
52439,21370,{?},2026,Ideas,,1226,,{Not specified},Box,,https://brickset.com/sets/21370-1
52440,21372,{?},2026,Ideas,,1212,,{Not specified},Box,,https://brickset.com/sets/21372-1
52420,21376,Orange Cat,2026,Ideas,,1755,,Retail,Box,https://images.brickset.com/sets/images/21376-1.jpg,https://brickset.com/sets/21376-1
52565,40895,{?},2026,Jurassic World,Promotional,,,LEGO exclusive,Box,,https://brickset.com/sets/40895-1
52569,77977,Baby Dinosaur: Pteranodon,2026,Jurassic World,,373,,Retail,Box,https://images.brickset.com/sets/images/77977-1.jpg,https://brickset.com/sets/77977-1
52568,77978,Young T. rex Transport Truck,2026,Jurassic World,,115,,Retail,Box,https://images.brickset.com/sets/images/77978-1.jpg,https://brickset.com/sets/77978-1
52705,77981,"Velociraptor, Stegosaurus & Pteranodon Rescue",2026,Jurassic World,,171,,{Not specified},Box,https://images.brickset.com/sets/images/77981-1.jpg,https://brickset.com/sets/77981-1
52567,77982,Spinosaurus Dinosaur Escape,2026,Jurassic World,,820,,Retail,Box,https://images.brickset.com/sets/images/77982-1.jpg,https://brickset.com/sets/77982-1
52566,77983,Mosasaurus Dinosaur Boat Attack,2026,Jurassic World,,703,,Retail,Box,https://images.brickset.com/sets/images/77983-1.jpg,https://brickset.com/sets/77983-1
51937,77984,Jurassic Park Jeep Wrangler,2026,Jurassic World,,1924,,{Not specified},Box,https://images.brickset.com/sets/images/77984-1.jpg,https://brickset.com/sets/77984-1
51938,77985,Dinosaur Fossils: Triceratops,2026,Jurassic World,Dinosaur Fossils,1154,,{Not specified},Box,https://images.brickset.com/sets/images/77985-1.jpg,https://brickset.com/sets/77985-1
52489,122509,Ranger with Laboratory,2026,Jurassic World,Magazine Gift,28,,Magazine gift,Paper bag,https://images.brickset.com/sets/images/122509-1.jpg,https://brickset.com/sets/122509-1
52452,72537,Derpy & Sussie,2026,KPop Demon Hunters,,,,{Not specified},{Not specified},,https://brickset.com/sets/72537-1
51852,11206,Spidey on his Motorcycle vs. Rhino,2026,Marvel Super Heroes,Spidey and His Amazing Friends,61,2,Retail,Box,https://images.brickset.com/sets/images/11206-1.jpg,https://brickset.com/sets/11206-1
51853,11207,Spidey: Underwater Vehicles,2026,Marvel Super Heroes,Spidey and His Amazing Friends,154,3,Retail,Box,https://images.brickset.com/sets/images/11207-1.jpg,https://brickset.com/sets/11207-1
51854,11208,Team Spidey Pirate Ship,2026,Marvel Super Heroes,Spidey and His Amazing Friends,201,4,Retail,Box,https://images.brickset.com/sets/images/11208-1.jpg,https://brickset.com/sets/11208-1
52666,11209,{?},2026,Marvel Super Heroes,,,,{Not specified},{Not specified},,https://brickset.com/sets/11209-1
52667,11211,{?},2026,Marvel Super Heroes,,,,{Not specified},{Not specified},,https://brickset.com/sets/11211-1
51897,30725,Spider-Man vs. Anti-Venom Heist,2026,Marvel Super Heroes,Spider-Man,31,2,Retail - limited,Paper bag,https://images.brickset.com/sets/images/30725-1.jpg,https://brickset.com/sets/30725-1
51858,76334,Epic Battle: Spider-Man vs. Sandman,2026,Marvel Super Heroes,Spider-Man 3,201,3,Retail,Box,https://images.brickset.com/sets/images/76334-1.jpg,https://brickset.com/sets/76334-1
51859,76335,Spider-Man vs. Ghost Rider Motorcycle,2026,Marvel Super Heroes,Spider-Man,72,2,Retail,Box,https://images.brickset.com/sets/images/76335-1.jpg,https://brickset.com/sets/76335-1
51860,76336,Spider-Man Car vs. Venomized Wolverine,2026,Marvel Super Heroes,Spider-Man,134,2,Retail,Box,https://images.brickset.com/sets/images/76336-1.jpg,https://brickset.com/sets/76336-1
51861,76337,Miles Morales Mech vs. Spider-Man 2099,2026,Marvel Super Heroes,Spider-Man,135,2,Retail,Box,https://images.brickset.com/sets/images/76337-1.jpg,https://brickset.com/sets/76337-1
51862,76338,Mech Battle: Spider-Man vs. Doc Ock,2026,Marvel Super Heroes,Spider-Man,315,3,Retail,Box,https://images.brickset.com/sets/images/76338-1.jpg,https://brickset.com/sets/76338-1
52668,76339,{?},2026,Marvel Super Heroes,,,,{Not specified},{Not specified},,https://brickset.com/sets/76339-1
52669,76340,{?},2026,Marvel Super Heroes,,,,{Not specified},{Not specified},,https://brickset.com/sets/76340-1
51863,76341,Ravager Jumpsuit Groot,2026,Marvel Super Heroes,Guardians of the Galaxy Vol. 2,604,,Retail,Box,https://images.brickset.com/sets/images/76341-1.jpg,https://brickset.com/sets/76341-1
51864,76342,Spider-Man vs. Mysterio: The Daily Bugle,2026,Marvel Super Heroes,Spider-Man,781,7,Retail,Box,https://images.brickset.com/sets/images/76342-1.jpg,https://brickset.com/sets/76342-1
51865,76343,Epic Battle: Hulkbuster vs. The Hulk,2026,Marvel Super Heroes,Avengers: Age of Ultron,413,2,Retail,Box,https://images.brickset.com/sets/images/76343-1.jpg,https://brickset.com/sets/76343-1
51866,76344,Iron Man Mark 3 Collectors' Edition,2026,Marvel Super Heroes,Iron Man,1297,1,Retail,Box,https://images.brickset.com/sets/images/76344-1.jpg,https://brickset.com/sets/76344-1
51966,76346,Spider-Man Hero Figure,2026,Marvel Super Heroes,Spider-Man: Brand New Day,813,,Retail,Box,https://images.brickset.com/sets/images/76346-1.jpg,https://brickset.com/sets/76346-1
51967,76349,Spider-Man Prison Transport Chase,2026,Marvel Super Heroes,Spider-Man: Brand New Day,367,,Retail,Box,https://images.brickset.com/sets/images/76349-1.jpg,https://brickset.com/sets/76349-1
51968,76350,Spider-Man vs. Hulk Epic Clash,2026,Marvel Super Heroes,Spider-Man: Brand New Day,534,,Retail,Box,https://images.brickset.com/sets/images/76350-1.jpg,https://brickset.com/sets/76350-1
52670,76352,{?},2026,Marvel Super Heroes,,,,{Not specified},{Not specified},,https://brickset.com/sets/76352-1
51965,76354,S.H.I.E.L.D. Helicarrier,2026,Marvel Super Heroes,Avengers,3057,,LEGO exclusive,Box,https://images.brickset.com/sets/images/76354-1.jpg,https://brickset.com/sets/76354-1
52490,L0002276,Black Panther with Hoverboard,2026,Marvel Super Heroes,Magazine Gift,,,Magazine gift,Paper bag,https://images.brickset.com/sets/images/L0002276-1.jpg,https://brickset.com/sets/L0002276-1
52693,L0002277,Iron Man,2026,Marvel Super Heroes,Magazine Gift,22,,Retail - limited,Metal canister,https://images.brickset.com/sets/images/L0002277-1.jpg,https://brickset.com/sets/L0002277-1
52694,L0002277,Iron Man,2026,Marvel Super Heroes,Magazine Gift,22,,Retail - limited,Metal canister,https://images.brickset.com/sets/images/L0002277-2.jpg,https://brickset.com/sets/L0002277-2
52414,L0002282,Venom with Mech,2026,Marvel Super Heroes,Magazine Gift,,,Magazine gift,Paper bag,https://images.brickset.com/sets/images/L0002282-1.jpg,https://brickset.com/sets/L0002282-1
52689,L0002283,Spider-Man with Spider-Crawler,2026,Marvel Super Heroes,Magazine Gift,,,Magazine gift,Paper bag,https://images.brickset.com/sets/images/L0002283-1.jpg,https://brickset.com/sets/L0002283-1
52671,21582,{?},2026,Minecraft,,,,{Not specified},{Not specified},,https://brickset.com/sets/21582-1
51764,21583,Steve's Taiga Adventure,2026,Minecraft,Minifig-scale,79,2,Retail,Box,https://images.brickset.com/sets/images/21583-1.jpg,https://brickset.com/sets/21583-1
51765,21584,Nether & End Portal Journey,2026,Minecraft,Minifig-scale,192,2,Retail,Box,https://images.brickset.com/sets/images/21584-1.jpg,https://brickset.com/sets/21584-1
51766,21585,Chicken Farm,2026,Minecraft,Minifig-scale,233,2,Retail,Box,https://images.brickset.com/sets/images/21585-1.jpg,https://brickset.com/sets/21585-1
51767,21586,The Pale Garden,2026,Minecraft,Minifig-scale,243,4,Retail,Box,https://images.brickset.com/sets/images/21586-1.jpg,https://brickset.com/sets/21586-1
51768,21587,Zombie Dungeon,2026,Minecraft,Minifig-scale,284,4,Retail,Box,https://images.brickset.com/sets/images/21587-1.jpg,https://brickset.com/sets/21587-1
51769,21588,The Fox,2026,Minecraft,Buildable Figures,497,,Retail,Box,https://images.brickset.com/sets/images/21588-1.jpg,https://brickset.com/sets/21588-1
51770,21589,Mini Biomes,2026,Minecraft,Microscale,797,4,Retail,Box,https://images.brickset.com/sets/images/21589-1.jpg,https://brickset.com/sets/21589-1
51771,21590,Wither Battle,2026,Minecraft,Minifig-scale,494,4,Retail,Box,https://images.brickset.com/sets/images/21590-1.jpg,https://brickset.com/sets/21590-1
51772,21591,{?},2026,Minecraft,,,,{Not specified},{Not specified},,https://brickset.com/sets/21591-1
51773,21592,{?},2026,Minecraft,,,,{Not specified},{Not specified},,https://brickset.com/sets/21592-1
51774,21593,{?},2026,Minecraft,,,,{Not specified},{Not specified},,https://brickset.com/sets/21593-1
51775,21594,{?},2026,Minecraft,,,,{Not specified},{Not specified},,https://brickset.com/sets/21594-1
51776,21595,{?},2026,Minecraft,,,,{Not specified},{Not specified},,https://brickset.com/sets/21595-1
51777,21596,{?},2026,Minecraft,,,,{Not specified},{Not specified},,https://brickset.com/sets/21596-1
51778,21597,{?},2026,Minecraft,,,,{Not specified},{Not specified},,https://brickset.com/sets/21597-1
51779,21598,{?},2026,Minecraft,,,,{Not specified},{Not specified},,https://brickset.com/sets/21598-1
51900,30732,Alex's Campfire Conflict,2026,Minecraft,Minifig-scale,31,2,Retail - limited,Paper bag,https://images.brickset.com/sets/images/30732-1.jpg,https://brickset.com/sets/30732-1
52373,L0002246,"Hero, Stray and Snowbiome",2026,Minecraft,Magazine Gift,19,2,Magazine gift,Paper bag,https://images.brickset.com/sets/images/L0002246-1.jpg,https://brickset.com/sets/L0002246-1
52491,L0002247,Realm Raider with Creeper and TNT Launcher,2026,Minecraft,Magazine Gift,,,Magazine gift,Paper bag,https://images.brickset.com/sets/images/L0002247-1.jpg,https://brickset.com/sets/L0002247-1
52553,L0002248,Hero and Blaze,2026,Minecraft,Magazine Gift,,,Magazine gift,Paper bag,,https://brickset.com/sets/L0002248-1
52706,L0002249,Hero with Illager,2026,Minecraft,Magazine Gift,,,Magazine gift,Paper bag,,https://brickset.com/sets/L0002249-1
52451,12015,LEGO Christmas Ideas parts,2026,Miscellaneous,Book Parts,50,,{Not specified},Polybag,https://images.brickset.com/sets/images/12015-1.jpg,https://brickset.com/sets/12015-1
52418,40921,Up-Scaled Blue Astronaut Minifigure,2026,Miscellaneous,Up-Scaled Minifigure,793,1,Retail,Box,https://images.brickset.com/sets/images/40921-1.jpg,https://brickset.com/sets/40921-1
52423,40955,Maersk Dual-Fuel Container Vessel,2026,Miscellaneous,Maersk,1516,,LEGO exclusive,Box,https://images.brickset.com/sets/images/40955-1.jpg,https://brickset.com/sets/40955-1
52342,66817,Hearts & Flowers Gift Set ,2026,Miscellaneous,,661,,Retail - limited,Box,https://images.brickset.com/sets/images/66817-1.jpg,https://brickset.com/sets/66817-1
52326,4000050,LEGO Mexico Operations,2026,Miscellaneous,LEGO internal,,,{Not specified},Box,,https://brickset.com/sets/4000050-1
52573,43025,Nike Air Max 95,2026,Nike,,1213,1,Retail,Box,https://images.brickset.com/sets/images/43025-1.jpg,https://brickset.com/sets/43025-1
51784,30723,Cole's Car,2026,Ninjago,Rise of the Snakes,39,1,Retail - limited,Paper bag,https://images.brickset.com/sets/images/30723-1.jpg,https://brickset.com/sets/30723-1
51785,71849,Nya vs. Mutation Monster Spinner,2026,Ninjago,Monster Spinners,49,2,Retail,Box,https://images.brickset.com/sets/images/71849-1.jpg,https://brickset.com/sets/71849-1
51786,71850,Lloyd vs. Earth Monster Spinner,2026,Ninjago,Monster Spinners,52,2,Retail,Box,https://images.brickset.com/sets/images/71850-1.jpg,https://brickset.com/sets/71850-1
51787,71851,Kai's Dragon Mech Battle Pack,2026,Ninjago,Dragons Rising Season 4,85,3,Retail,Box,https://images.brickset.com/sets/images/71851-1.jpg,https://brickset.com/sets/71851-1
51788,71853,Jay's Dragon Mech Fight,2026,Ninjago,Dragons Rising Season 4,107,2,Retail,Box,https://images.brickset.com/sets/images/71853-1.jpg,https://brickset.com/sets/71853-1
51789,71854,Cole's Mission Mech,2026,Ninjago,Dragons Rising Season 4,364,3,Retail,Box,https://images.brickset.com/sets/images/71854-1.jpg,https://brickset.com/sets/71854-1
51790,71855,Ninja Dragon Riyu's Battle,2026,Ninjago,Dragons Rising Season 4,347,4,Retail,Box,https://images.brickset.com/sets/images/71855-1.jpg,https://brickset.com/sets/71855-1
51791,71856,Jay's Transforming Car,2026,Ninjago,Dragons Rising Season 4,387,5,Retail,Box,https://images.brickset.com/sets/images/71856-1.jpg,https://brickset.com/sets/71856-1
51792,71857,Ninja Vehicle Tree House Battle,2026,Ninjago,Dragons Rising Season 4,642,6,Retail,Box,https://images.brickset.com/sets/images/71857-1.jpg,https://brickset.com/sets/71857-1
51793,71858,Four Weapons Blacksmith,2026,Ninjago,Pilot Season,1259,6,Retail,Box,https://images.brickset.com/sets/images/71858-1.jpg,https://brickset.com/sets/71858-1
51794,71859,The Dragon of Life,2026,Ninjago,Dragons Rising Season 4,1050,8,Retail,Box,https://images.brickset.com/sets/images/71859-1.jpg,https://brickset.com/sets/71859-1
51795,71860,Lloyd's Titan Mech,2026,Ninjago,Secrets of the Forbidden Spinjitzu,1293,3,Retail,Box,https://images.brickset.com/sets/images/71860-1.jpg,https://brickset.com/sets/71860-1
51796,71861,The Old Town,2026,Ninjago,Legacy,4851,24,Retail,Box,https://images.brickset.com/sets/images/71861-1.jpg,https://brickset.com/sets/71861-1
51797,71862,{?},2026,Ninjago,,81,,Retail,Box,,https://brickset.com/sets/71862-1
51798,71863,{?},2026,Ninjago,,232,,Retail,Box,,https://brickset.com/sets/71863-1
51799,71864,{?},2026,Ninjago,,394,,Retail,Box,,https://brickset.com/sets/71864-1
51800,71865,{?},2026,Ninjago,,,,{Not specified},{Not specified},,https://brickset.com/sets/71865-1
51801,71866,Ninja Character Display,2026,Ninjago,Legacy,447,8,Retail,Box,https://images.brickset.com/sets/images/71866-1.jpg,https://brickset.com/sets/71866-1
51802,71867,X-1 Ninja Charger,2026,Ninjago,Rebooted,691,,Retail,Box,https://images.brickset.com/sets/images/71867-1.jpg,https://brickset.com/sets/71867-1
51803,71868,{?},2026,Ninjago,,821,,Retail,Box,,https://brickset.com/sets/71868-1
51804,71869,{?},2026,Ninjago,,1214,,Retail,Box,,https://brickset.com/sets/71869-1
51805,71870,{?},2026,Ninjago,Legends,1707,,Retail,Box,,https://brickset.com/sets/71870-1
51806,71871,{?},2026,Ninjago,,1016,,Retail,Box,,https://brickset.com/sets/71871-1
51807,71872,{?},2026,Ninjago,,2178,,Retail,Box,,https://brickset.com/sets/71872-1
52472,112601,Lloyd vs. Dragonian Warrior,2026,Ninjago,Magazine Gift,2,2,Magazine gift,Paper bag,https://images.brickset.com/sets/images/112601-1.jpg,https://brickset.com/sets/112601-1
52407,951466,Kai with Motorcycle,2026,Ninjago,Magazine Gift,,,Magazine gift,Paper bag,,https://brickset.com/sets/951466-1
52406,951467,Lloyd with Mech,2026,Ninjago,Magazine Gift,,,Magazine gift,Paper bag,,https://brickset.com/sets/951467-1
52680,6614227,Dragon of Life,2026,Ninjago,Promotional,40,,Promotional,None (loose parts),https://images.brickset.com/sets/images/6614227-1.jpg,https://brickset.com/sets/6614227-1
52412,L0002199,Kur,2026,Ninjago,Magazine Gift,6,1,Magazine gift,Paper bag,https://images.brickset.com/sets/images/L0002199-1.jpg,https://brickset.com/sets/L0002199-1
52488,L0002200,Dragon Jay,2026,Ninjago,Magazine Gift,1,1,Magazine gift,Paper bag,https://images.brickset.com/sets/images/L0002200-1.jpg,https://brickset.com/sets/L0002200-1
52679,L0002201,Dragon Lloyd,2026,Ninjago,Magazine Gift,1,1,Magazine gift,Paper bag,https://images.brickset.com/sets/images/L0002201-1.jpg,https://brickset.com/sets/L0002201-1
52691,L0002212,Zane-Mech,2026,Ninjago,Magazine Gift,,,Magazine gift,Paper bag,,https://brickset.com/sets/L0002212-1
52631,75641,Dr. Hiriluk's Hideout,2026,One Piece,Season 2,271,,Retail,Box,https://images.brickset.com/sets/images/75641-1.jpg,https://brickset.com/sets/75641-1
52632,75642,Showdown with Captain Smoker,2026,One Piece,Season 2,547,,Retail,Box,https://images.brickset.com/sets/images/75642-1.jpg,https://brickset.com/sets/75642-1
52633,75643,Tony Tony Chopper,2026,One Piece,Season 2,577,,Retail,Box,https://images.brickset.com/sets/images/75643-1.jpg,https://brickset.com/sets/75643-1
52634,75644,Dorry vs. Brogy - Giants of Little Garden,2026,One Piece,Season 2,733,,Retail,Box,https://images.brickset.com/sets/images/75644-1.jpg,https://brickset.com/sets/75644-1
52635,75645,Battle at Drum Castle,2026,One Piece,Season 2,1038,,Retail,Box,https://images.brickset.com/sets/images/75645-1.jpg,https://brickset.com/sets/75645-1
52636,75646,Garp's Marine Battleship,2026,One Piece,Season 2,1705,,Retail,Box,https://images.brickset.com/sets/images/75646-1.jpg,https://brickset.com/sets/75646-1
52531,75647,Gum-Gum Fruit,2026,One Piece,,482,,{Not specified},Box,https://images.brickset.com/sets/images/75647-1.jpg,https://brickset.com/sets/75647-1
52051,30729,{?},2026,Pokémon,,,,{Not specified},Paper bag,,https://brickset.com/sets/30729-1
52052,30730,{?},2026,Pokémon,,,,{Not specified},Paper bag,,https://brickset.com/sets/30730-1
52053,40887,{?},2026,Pokémon,,,,{Not specified},{Not specified},,https://brickset.com/sets/40887-1
51991,40892,Kanto Region Badge Collection,2026,Pokémon,Promotional,312,,LEGO exclusive,Box,https://images.brickset.com/sets/images/40892-1.jpg,https://brickset.com/sets/40892-1
51990,40911,Mini Pokémon Centre,2026,Pokémon,Promotional,233,,Insiders Reward,Box,https://images.brickset.com/sets/images/40911-1.jpg,https://brickset.com/sets/40911-1
52637,72150,{?},2026,Pokémon,,,,{Not specified},{Not specified},,https://brickset.com/sets/72150-1
51808,72151,Eevee,2026,Pokémon,Sculptures,587,,Retail,Box,https://images.brickset.com/sets/images/72151-1.jpg,https://brickset.com/sets/72151-1
51809,72152,Pikachu and Poké Ball,2026,Pokémon,Sculptures,2050,,Retail,Box,https://images.brickset.com/sets/images/72152-1.jpg,https://brickset.com/sets/72152-1
51943,72153,"Venusaur, Charizard and Blastoise",2026,Pokémon,Sculptures,6838,,Retail,Box,https://images.brickset.com/sets/images/72153-1.jpg,https://brickset.com/sets/72153-1
52054,72154,{?},2026,Pokémon,,2239,,{Not specified},Box,,https://brickset.com/sets/72154-1
52055,72155,{?},2026,Pokémon,,,,{Not specified},{Not specified},,https://brickset.com/sets/72155-1
52056,72156,{?},2026,Pokémon,,,,{Not specified},{Not specified},,https://brickset.com/sets/72156-1
52057,72157,{?},2026,Pokémon,,,,{Not specified},{Not specified},,https://brickset.com/sets/72157-1
52058,72158,{?},2026,Pokémon,,,,{Not specified},{Not specified},,https://brickset.com/sets/72158-1
52059,72159,{?},2026,Pokémon,,,,{Not specified},{Not specified},,https://brickset.com/sets/72159-1
52060,72160,{?},2026,Pokémon,,,,{Not specified},{Not specified},,https://brickset.com/sets/72160-1
52061,72161,{?},2026,Pokémon,,,,{Not specified},{Not specified},,https://brickset.com/sets/72161-1
52062,72162,{?},2026,Pokémon,,,,{Not specified},{Not specified},,https://brickset.com/sets/72162-1
52063,72163,{?},2026,Pokémon,,,,{Not specified},{Not specified},,https://brickset.com/sets/72163-1
52064,72164,{?},2026,Pokémon,,,,{Not specified},{Not specified},,https://brickset.com/sets/72164-1
52065,72165,{?},2026,Pokémon,,,,{Not specified},{Not specified},,https://brickset.com/sets/72165-1
52066,72166,{?},2026,Pokémon,,,,{Not specified},{Not specified},,https://brickset.com/sets/72166-1
52067,72167,{?},2026,Pokémon,,,,{Not specified},{Not specified},,https://brickset.com/sets/72167-1
52068,72168,{?},2026,Pokémon,,,,{Not specified},{Not specified},,https://brickset.com/sets/72168-1
52476,40507,I Love Billund,2026,Promotional,LEGO House,1404,,LEGO House exclusive,Box,https://images.brickset.com/sets/images/40507-1.jpg,https://brickset.com/sets/40507-1
52405,40906,Restaurants of the World: Japan,2026,Promotional,Restaurants of the World,289,1,LEGO exclusive,Box,https://images.brickset.com/sets/images/40906-1.jpg,https://brickset.com/sets/40906-1
52692,40907,Restaurants of the World: Mexico,2026,Promotional,Restaurants of the World,326,,LEGO Gift with Purchase,Box,https://images.brickset.com/sets/images/40907-1.jpg,https://brickset.com/sets/40907-1
52350,40952,LEGOLAND Castle,2026,Promotional,LEGOLAND,613,,LEGOLAND exclusive,Box,https://images.brickset.com/sets/images/40952-1.jpg,https://brickset.com/sets/40952-1
52416,40972,Crocs,2026,Promotional,Minifigure,7,,Retail - limited,Paper bag,https://images.brickset.com/sets/images/40972-1.jpg,https://brickset.com/sets/40972-1
52419,40973,Crocs Multi,2026,Promotional,Minifigure,19,,{Not specified},Paper bag,https://images.brickset.com/sets/images/40973-1.jpg,https://brickset.com/sets/40973-1
52474,5009620,Jurong Point Grand Opening,2026,Promotional,LEGO Brand Store Opening Set,158,,LEGO exclusive,Box,https://images.brickset.com/sets/images/5009620-1.jpg,https://brickset.com/sets/5009620-1
52325,5009934,Dragonfly Garden,2026,Promotional,Botanical Collection,154,,LEGO exclusive,Box,https://images.brickset.com/sets/images/5009934-1.jpg,https://brickset.com/sets/5009934-1
52426,5010053,Airplane - Special Edition,2026,Promotional,Miscellaneous,151,,LEGO exclusive,Box,https://images.brickset.com/sets/images/5010053-1.jpg,https://brickset.com/sets/5010053-1
52507,5010075,Dolphin,2026,Promotional,Insiders Reward,153,,LEGO exclusive,Box,https://images.brickset.com/sets/images/5010075-1.jpg,https://brickset.com/sets/5010075-1
52609,5010172,LEGO Store Grand Opening,2026,Promotional,LEGO Brand Store Opening Set,158,,LEGOLAND exclusive,Box,https://images.brickset.com/sets/images/5010172-1.jpg,https://brickset.com/sets/5010172-1
52438,5010173,Happy Hummingbird,2026,Promotional,,156,,Promotional,Zip-lock bag,https://images.brickset.com/sets/images/5010173-1.jpg,https://brickset.com/sets/5010173-1
52722,5010202,Ljubljana 10 Years Anniversary Minifigures,2026,Promotional,Minifigure,8,,Promotional,{Not specified},https://images.brickset.com/sets/images/5010202-1.jpg,https://brickset.com/sets/5010202-1
52427,5010204,Grogu in Pram,2026,Promotional,,,,LEGO exclusive,{Not specified},,https://brickset.com/sets/5010204-1
52720,5010220,I Love LEGO Store Leeds,2026,Promotional,LEGO brand stores,1,,LEGO exclusive,Zip-lock bag,https://images.brickset.com/sets/images/5010220-1.jpg,https://brickset.com/sets/5010220-1
52721,5010221,I Love LEGO Store Oxford,2026,Promotional,LEGO brand stores,1,,LEGO exclusive,Zip-lock bag,https://images.brickset.com/sets/images/5010221-1.jpg,https://brickset.com/sets/5010221-1
52718,5010222,I Love LEGO Store Rotterdam,2026,Promotional,LEGO brand stores,1,,LEGO exclusive,Zip-lock bag,https://images.brickset.com/sets/images/5010222-1.jpg,https://brickset.com/sets/5010222-1
52717,5010223,I Love LEGO Store Sheffield,2026,Promotional,LEGO brand stores,1,,LEGO exclusive,Zip-lock bag,https://images.brickset.com/sets/images/5010223-1.jpg,https://brickset.com/sets/5010223-1
52711,5010306,I Love LEGO Store Frankfurt Main-Taunus-Zentrum,2026,Promotional,LEGO brand stores,1,,LEGO exclusive,Zip-lock bag,https://images.brickset.com/sets/images/5010306-1.jpg,https://brickset.com/sets/5010306-1
52719,5010324,I Love Malaysia Minifigures,2026,Promotional,Minifigure,8,,Promotional,{Not specified},https://images.brickset.com/sets/images/5010324-1.jpg,https://brickset.com/sets/5010324-1
52112,6608561,Lucky Money Bag,2026,Promotional,LEGO brand stores,49,,Promotional,None (loose parts),https://images.brickset.com/sets/images/6608561-1.jpg,https://brickset.com/sets/6608561-1
52449,6611591,Crescent Moon,2026,Promotional,LEGO brand stores,37,,Promotional,None (loose parts),https://images.brickset.com/sets/images/6611591-1.jpg,https://brickset.com/sets/6611591-1
52583,6611593,Duck,2026,Promotional,LEGO brand stores,46,,Promotional,None (loose parts),https://images.brickset.com/sets/images/6611593-1.jpg,https://brickset.com/sets/6611593-1
52514,6611596,Coffee Cup,2026,Promotional,LEGO brand stores,55,,Promotional,None (loose parts),https://images.brickset.com/sets/images/6611596-1.jpg,https://brickset.com/sets/6611596-1
52362,6614213,Bike Burger Cart,2026,Promotional,LEGO brand stores,41,1,Promotional,None (loose parts),https://images.brickset.com/sets/images/BURGER-1.jpg,https://brickset.com/sets/6614213-1
52436,6614219,Blooming Heart,2026,Promotional,LEGO brand stores,47,,LEGO exclusive,None (loose parts),https://images.brickset.com/sets/images/HEART-1.jpg,https://brickset.com/sets/6614219-1
52508,6614220,Micro Pink Rose,2026,Promotional,LEGO brand stores,25,,Promotional,None (loose parts),https://images.brickset.com/sets/images/6614220-1.jpg,https://brickset.com/sets/6614220-1
52453,6614222,Baby Unicorn,2026,Promotional,LEGO brand stores,38,,Promotional,None (loose parts),https://images.brickset.com/sets/images/6614222-1.jpg,https://brickset.com/sets/6614222-1
52443,6614225,Baby Seahorse,2026,Promotional,LEGO brand stores,36,,Promotional,None (loose parts),https://images.brickset.com/sets/images/6614225-1.jpg,https://brickset.com/sets/6614225-1
52111,6621906,Micro Horse,2026,Promotional,LEGO brand stores,45,,Promotional,None (loose parts),https://images.brickset.com/sets/images/LNYHORSE-1.jpg,https://brickset.com/sets/6621906-1
52479,6626053,Lightsaber,2026,Promotional,LEGO brand stores,43,,Promotional,None (loose parts),https://images.brickset.com/sets/images/LIGHTSABER-1.jpg,https://brickset.com/sets/6626053-1
52510,6626057,Bush Plane,2026,Promotional,LEGO brand stores,43,,Promotional,None (loose parts),https://images.brickset.com/sets/images/BUSHPLANE-1.jpg,https://brickset.com/sets/6626057-1
52511,6626060,Sports Car,2026,Promotional,LEGO brand stores,49,,Promotional,None (loose parts),https://images.brickset.com/sets/images/6626060-1.jpg,https://brickset.com/sets/6626060-1
52478,6626065,F1 ACADEMY LEGO Race Car,2026,Promotional,Formula 1,32,,Promotional,None (loose parts),https://images.brickset.com/sets/images/F1ACADEMY-1.jpg,https://brickset.com/sets/6626065-1
52444,6631373,Baby Puppy,2026,Promotional,LEGO brand stores,40,,Promotional,None (loose parts),https://images.brickset.com/sets/images/6631373-1.jpg,https://brickset.com/sets/6631373-1
52480,6643344,Hat (St Patrick's Day M&T),2026,Promotional,LEGO brand stores,21,,Promotional,None (loose parts),https://images.brickset.com/sets/images/6643344-1.jpg,https://brickset.com/sets/6643344-1
52492,BGARDEN,Butterfly Garden,2026,Promotional,Botanical Collection,151,,Promotional,None (loose parts),https://images.brickset.com/sets/images/BGARDEN-1.jpg,https://brickset.com/sets/BGARDEN-1
52571,EASTEREGG,M&T Style Your Egg,2026,Promotional,LEGO brand stores,41,,Promotional,None (loose parts),https://images.brickset.com/sets/images/EASTEREGG-1.jpg,https://brickset.com/sets/EASTEREGG-1
52513,GREENMASK,Ninjago Green Mask,2026,Promotional,LEGO brand stores,,,Promotional,None (loose parts),https://images.brickset.com/sets/images/GREENMASK-1.jpg,https://brickset.com/sets/GREENMASK-1
52516,LOUNGECHAIR,Lounge Chair,2026,Promotional,LEGO brand stores,,,Promotional,None (loose parts),https://images.brickset.com/sets/images/LOUNGECHAIR-1.jpg,https://brickset.com/sets/LOUNGECHAIR-1
52509,MONSTERTRUCK,Monster Truck,2026,Promotional,LEGO brand stores,,,Promotional,None (loose parts),https://images.brickset.com/sets/images/MONSTERTRUCK-1.jpg,https://brickset.com/sets/MONSTERTRUCK-1
52447,MOSAIC,M&T Mosaic,2026,Promotional,LEGO brand stores,,,Promotional,None (loose parts),https://images.brickset.com/sets/images/MOSAIC-1.jpg,https://brickset.com/sets/MOSAIC-1
52417,NINJAGOMASK,Ninjago Red Mask,2026,Promotional,LEGO brand stores,,,LEGO exclusive,None (loose parts),https://images.brickset.com/sets/images/NINJAGOMASK-1.jpg,https://brickset.com/sets/NINJAGOMASK-1
52481,PETSHOW,Pet Show,2026,Promotional,LEGO brand stores,61,,Promotional,None (loose parts),https://images.brickset.com/sets/images/PETSHOW-1.jpg,https://brickset.com/sets/PETSHOW-1
52515,TVREMOTE,TV Remote,2026,Promotional,LEGO brand stores,,,Promotional,None (loose parts),https://images.brickset.com/sets/images/TVREMOTE-1.jpg,https://brickset.com/sets/TVREMOTE-1
52310,40863,Easter Egg Basket,2026,Seasonal,Easter,216,,LEGO exclusive,Box,https://images.brickset.com/sets/images/40863-1.jpg,https://brickset.com/sets/40863-1
51810,40864,Fortune Master,2026,Seasonal,Chinese Traditional Festival,386,,Retail,Box,https://images.brickset.com/sets/images/40864-1.jpg,https://brickset.com/sets/40864-1
51811,40867,Love Letters,2026,Seasonal,Valentine's Day,345,,LEGO exclusive,Box,https://images.brickset.com/sets/images/40867-1.jpg,https://brickset.com/sets/40867-1
52500,40871,Gift Box Celebration,2026,Seasonal,Birthday,224,,LEGO exclusive,Box,https://images.brickset.com/sets/images/40871-1.jpg,https://brickset.com/sets/40871-1
51780,40886,Penguins in Love,2026,Seasonal,Valentine's Day,278,,LEGO exclusive,Box,https://images.brickset.com/sets/images/40886-1.jpg,https://brickset.com/sets/40886-1
52482,40890,Easter Decorations,2026,Seasonal,Easter,312,,LEGO exclusive,Box,https://images.brickset.com/sets/images/40890-1.jpg,https://brickset.com/sets/40890-1
51782,40905,Birthday Cupcake,2026,Seasonal,Birthday,174,,LEGO exclusive,Box,https://images.brickset.com/sets/images/40905-1.jpg,https://brickset.com/sets/40905-1
51783,40915,Lion Dance,2026,Seasonal,Chinese Traditional Festival,480,4,LEGO exclusive,Box,https://images.brickset.com/sets/images/40915-1.jpg,https://brickset.com/sets/40915-1
51812,40920,Bugs Bunny,2026,Seasonal,Looney Tunes,605,,LEGO exclusive,Box,https://images.brickset.com/sets/images/40920-1.jpg,https://brickset.com/sets/40920-1
52344,40957,Spring Wreath,2026,Seasonal,Easter,747,,LEGO exclusive,Box,https://images.brickset.com/sets/images/40957-1.jpg,https://brickset.com/sets/40957-1
51813,80118,Fortune Firecracker,2026,Seasonal,Chinese Traditional Festival,1039,6,Retail,Box,https://images.brickset.com/sets/images/80118-1.jpg,https://brickset.com/sets/80118-1
51814,80119,Galloping Horse Canvas,2026,Seasonal,Chinese Traditional Festival,1650,2,Retail,Box,https://images.brickset.com/sets/images/80119-1.jpg,https://brickset.com/sets/80119-1
52465,80120,{?},2026,Seasonal,Chinese Traditional Festival,,,LEGO exclusive,Box,,https://brickset.com/sets/80120-1
52466,80121,{?},2026,Seasonal,Chinese Traditional Festival,,,LEGO exclusive,Box,,https://brickset.com/sets/80121-1
51971,72423,{?},2026,Shrek,,1403,,{Not specified},Box,,https://brickset.com/sets/72423-1
51901,30733,Badnik: Skorp,2026,Sonic the Hedgehog,Classic Games,80,,Retail - limited,Paper bag,https://images.brickset.com/sets/images/30733-1.jpg,https://brickset.com/sets/30733-1
51815,77117,Sonic: Speedster Lightning,2026,Sonic the Hedgehog,Sonic Racing: CrossWorlds,126,1,Retail,Box,https://images.brickset.com/sets/images/77117-1.jpg,https://brickset.com/sets/77117-1
51816,77118,Silver's Car vs. Knuckles' Monster Truck,2026,Sonic the Hedgehog,Sonic Racing: CrossWorlds,378,2,Retail,Box,https://images.brickset.com/sets/images/77118-1.jpg,https://brickset.com/sets/77118-1
52672,77119,{?},2026,Sonic the Hedgehog,,,,{Not specified},{Not specified},,https://brickset.com/sets/77119-1
51902,30734,Mini F1 ACADEMY Car,2026,Speed Champions,F1 ACADEMY,58,,Retail,Paper bag,https://images.brickset.com/sets/images/30734-1.jpg,https://brickset.com/sets/30734-1
51828,77252,APXGP Team Race Car,2026,Speed Champions,F1 The Movie,268,2,Retail,Box,https://images.brickset.com/sets/images/77252-1.jpg,https://brickset.com/sets/77252-1
51829,77253,Bugatti Vision Gran Turismo,2026,Speed Champions,Bugatti,284,1,Retail,Box,https://images.brickset.com/sets/images/77253-1.jpg,https://brickset.com/sets/77253-1
51830,77254,Ferrari SF90 XX Stradale,2026,Speed Champions,Ferrari,339,1,Retail,Box,https://images.brickset.com/sets/images/77254-1.jpg,https://brickset.com/sets/77254-1
51831,77255,Lightning McQueen,2026,Speed Champions,Disney,270,,Retail,Box,https://images.brickset.com/sets/images/77255-1.jpg,https://brickset.com/sets/77255-1
51832,77256,Time Machine from Back to the Future,2026,Speed Champions,Back to the Future,357,2,Retail,Box,https://images.brickset.com/sets/images/77256-1.jpg,https://brickset.com/sets/77256-1
51833,77257,McLaren W1,2026,Speed Champions,McLaren,287,1,Retail,Box,https://images.brickset.com/sets/images/77257-1.jpg,https://brickset.com/sets/77257-1
52045,77258,F1 ACADEMY LEGO Race Car,2026,Speed Champions,F1 ACADEMY,201,1,Retail,Box,https://images.brickset.com/sets/images/77258-1.jpg,https://brickset.com/sets/77258-1
51834,77259,Audi Revolut F1 Team R26 Race Car,2026,Speed Champions,Formula 1,215,1,Retail,Box,https://images.brickset.com/sets/images/77259-1.jpg,https://brickset.com/sets/77259-1
52585,77260,{?},2026,Speed Champions,Toyota,292,,Retail,Box,,https://brickset.com/sets/77260-1
52586,77261,{?},2026,Speed Champions,Ferrari,329,,Retail,Box,,https://brickset.com/sets/77261-1
52587,77262,Ken Block's 1965 Ford Mustang Hoonicorn RTR V1,2026,Speed Champions,Ford,345,,Retail,Box,https://images.brickset.com/sets/images/77262-1.jpg,https://brickset.com/sets/77262-1
52588,77263,{?},2026,Speed Champions,BMW,358,,Retail,Box,,https://brickset.com/sets/77263-1
52589,77264,{?},2026,Speed Champions,Mercedes,740,,Retail,Box,,https://brickset.com/sets/77264-1
51835,30727,TIE Advanced,2026,Star Wars,Episode IV,68,,Retail - limited,Paper bag,https://images.brickset.com/sets/images/30727-1.jpg,https://brickset.com/sets/30727-1
51931,30728,The Razor Crest,2026,Star Wars,The Mandalorian and Grogu,74,,Retail - limited,Paper bag,https://images.brickset.com/sets/images/30728-1.jpg,https://brickset.com/sets/30728-1
52273,40917,The Darksaber,2026,Star Wars,Promotional,278,,LEGO exclusive,Box,https://images.brickset.com/sets/images/40917-1.jpg,https://brickset.com/sets/40917-1
51945,75420,Luke's Landspeeder,2026,Star Wars,SMART Play,215,3,Retail,Box,https://images.brickset.com/sets/images/75420-1.jpg,https://brickset.com/sets/75420-1
51836,75421,Darth Vader's TIE Fighter,2026,Star Wars,SMART Play,473,2,Retail,Box,https://images.brickset.com/sets/images/75421-1.jpg,https://brickset.com/sets/75421-1
51946,75422,Yoda's Hut and Jedi Training,2026,Star Wars,SMART Play,440,3,Retail,Box,https://images.brickset.com/sets/images/75422-1.jpg,https://brickset.com/sets/75422-1
51837,75423,Luke's Red Five X-wing,2026,Star Wars,SMART Play,584,5,Retail,Box,https://images.brickset.com/sets/images/75423-1.jpg,https://brickset.com/sets/75423-1
51947,75424,AT-ST Attack on Endor,2026,Star Wars,SMART Play,347,3,Retail,Box,https://images.brickset.com/sets/images/75424-1.jpg,https://brickset.com/sets/75424-1
51948,75425,Mos Eisley Cantina,2026,Star Wars,SMART Play,666,5,Retail,Box,https://images.brickset.com/sets/images/75425-1.jpg,https://brickset.com/sets/75425-1
52357,75426,Millennium Falcon,2026,Star Wars,SMART Play,885,4,Retail,Box,https://images.brickset.com/sets/images/75426-1.jpg,https://brickset.com/sets/75426-1
52351,75427,Throne Room Duel & A-wing,2026,Star Wars,SMART Play,962,6,Retail,Box,https://images.brickset.com/sets/images/75427-1.jpg,https://brickset.com/sets/75427-1
51838,75436,The Mandalorian & Grogu's Speeder Bike,2026,Star Wars,The Mandalorian,58,2,Retail,Box,https://images.brickset.com/sets/images/75436-1.jpg,https://brickset.com/sets/75436-1
51839,75437,Cobb Vanth's Speeder,2026,Star Wars,The Mandalorian,207,2,Retail,Box,https://images.brickset.com/sets/images/75437-1.jpg,https://brickset.com/sets/75437-1
51840,75438,Yoda Bust,2026,Star Wars,,399,,Retail,Box,https://images.brickset.com/sets/images/75438-1.jpg,https://brickset.com/sets/75438-1
51841,75439,Darth Vader Bust,2026,Star Wars,,349,,Retail,Box,https://images.brickset.com/sets/images/75439-1.jpg,https://brickset.com/sets/75439-1
51842,75440,AT-AT,2026,Star Wars,Starship Collection,525,,Retail,Box,https://images.brickset.com/sets/images/75440-1.jpg,https://brickset.com/sets/75440-1
51843,75441,Venator-class Attack Cruiser,2026,Star Wars,Starship Collection,643,,Retail,Box,https://images.brickset.com/sets/images/75441-1.jpg,https://brickset.com/sets/75441-1
52708,75442,The Mandalorian's N-1 Starfighter,2026,Star Wars,Ultimate Collector Series,1809,,LEGO exclusive,Box,https://images.brickset.com/sets/images/75442-1.jpg,https://brickset.com/sets/75442-1
51844,75443,Grogu's Homestead,2026,Star Wars,The Mandalorian,107,,Retail,Box,https://images.brickset.com/sets/images/75443-1.jpg,https://brickset.com/sets/75443-1
51845,75444,AT-RT Attack,2026,Star Wars,The Mandalorian and Grogu,297,,Retail,Box,https://images.brickset.com/sets/images/75444-1.jpg,https://brickset.com/sets/75444-1
51846,75445,Anzellan Starship,2026,Star Wars,The Mandalorian and Grogu,701,,Retail,Box,https://images.brickset.com/sets/images/75445-1.jpg,https://brickset.com/sets/75445-1
51847,75446,Grogu (Mandalorian Apprentice),2026,Star Wars,The Mandalorian and Grogu,1200,,Retail,Box,https://images.brickset.com/sets/images/75446-1.jpg,https://brickset.com/sets/75446-1
51848,75447,The Razor Crest,2026,Star Wars,The Mandalorian and Grogu,930,,Retail,Box,https://images.brickset.com/sets/images/75447-1.jpg,https://brickset.com/sets/75447-1
51849,75448,Clone Shock Trooper Mech,2026,Star Wars,Mechs,151,1,Retail,Box,https://images.brickset.com/sets/images/75448-1.jpg,https://brickset.com/sets/75448-1
51850,75449,Siege of Mandalore Battle Pack,2026,Star Wars,The Clone Wars,116,4,Retail,Box,https://images.brickset.com/sets/images/75449-1.jpg,https://brickset.com/sets/75449-1
52540,75451,{?},2026,Star Wars,The Mandalorian and Grogu,415,,Retail,Box,,https://brickset.com/sets/75451-1
51851,75452,BB-8,2026,Star Wars,Episode VII,569,1,Retail,Box,https://images.brickset.com/sets/images/75452-1.jpg,https://brickset.com/sets/75452-1
52673,75453,{?},2026,Star Wars,,,,{Not specified},{Not specified},,https://brickset.com/sets/75453-1
52674,75454,{?},2026,Star Wars,,,,{Not specified},{Not specified},,https://brickset.com/sets/75454-1
52675,75455,{?},2026,Star Wars,,,,{Not specified},{Not specified},,https://brickset.com/sets/75455-1
52676,75456,{?},2026,Star Wars,,,,{Not specified},{Not specified},,https://brickset.com/sets/75456-1
51949,75459,{?},2026,Star Wars,,,,{Not specified},{Not specified},,https://brickset.com/sets/75459-1
51950,75460,New Republic X-wing Starfighter,2026,Star Wars,The Mandalorian and Grogu,558,,Retail,Box,https://images.brickset.com/sets/images/75460-1.jpg,https://brickset.com/sets/75460-1
51951,75461,{?},2026,Star Wars,,,,{Not specified},{Not specified},,https://brickset.com/sets/75461-1
52715,5010305,The Mandalorian and Grogu,2026,Star Wars,Promotional,147,,Retail - limited,Zip-lock bag,https://images.brickset.com/sets/images/5010305-1.jpg,https://brickset.com/sets/5010305-1
52501,6626051,Bantha,2026,Star Wars,Promotional,64,,Promotional,None (loose parts),https://images.brickset.com/sets/images/6626051-1.jpg,https://brickset.com/sets/6626051-1
52400,L0002232,Night Trooper,2026,Star Wars,Magazine Gift,5,1,Magazine gift,Paper bag,https://images.brickset.com/sets/images/L0002232-1.jpg,https://brickset.com/sets/L0002232-1
52483,L0002233,Phase 2 Clone Pilot,2026,Star Wars,Magazine Gift,5,1,Magazine gift,Paper bag,https://images.brickset.com/sets/images/L0002233-1.jpg,https://brickset.com/sets/L0002233-1
52688,L0002234,Anakin Skywalker,2026,Star Wars,Magazine Gift,6,1,Magazine gift,Paper bag,https://images.brickset.com/sets/images/L0002234-1.jpg,https://brickset.com/sets/L0002234-1
52723,MININ1,Mini N1 Starfighter,2026,Star Wars,Promotional,,,Promotional,None (loose parts),https://images.brickset.com/sets/images/MININ1-1.jpg,https://brickset.com/sets/MININ1-1
52517,WORKSHOP,R2-D2 Level Up Workshop,2026,Star Wars,Promotional,,,Promotional,None (loose parts),https://images.brickset.com/sets/images/WORKSHOP-1.jpg,https://brickset.com/sets/WORKSHOP-1
51972,72050,Mario Kart – Luigi & Mach 8,2026,Super Mario,Mario Kart,2234,,{Not specified},Box,https://images.brickset.com/sets/images/72050-1.jpg,https://brickset.com/sets/72050-1
52535,72051,{?},2026,Super Mario,Miscellaneous,1367,,{Not specified},Box,,https://brickset.com/sets/72051-1
52164,40912,{?},2026,tbd,,,,{Not specified},{Not specified},,https://brickset.com/sets/40912-1
52536,72306,{?},2026,tbd,,1911,,{Not specified},Box,,https://brickset.com/sets/72306-1
51969,72421,{?},2026,tbd,,,,{Not specified},{Not specified},,https://brickset.com/sets/72421-1
51970,72422,{?},2026,tbd,,,,{Not specified},{Not specified},,https://brickset.com/sets/72422-1
51962,76345,{?},2026,tbd,,,,{Not specified},{Not specified},,https://brickset.com/sets/76345-1
51963,76347,{?},2026,tbd,,,,{Not specified},{Not specified},,https://brickset.com/sets/76347-1
51964,76348,{?},2026,tbd,,,,{Not specified},{Not specified},,https://brickset.com/sets/76348-1
51867,30735,Hot Rod Car,2026,Technic,,83,,Retail - limited,Paper bag,https://images.brickset.com/sets/images/30735-1.jpg,https://brickset.com/sets/30735-1
52294,30736,White Seaplane,2026,Technic,,82,,Retail - limited,Paper bag,https://images.brickset.com/sets/images/30736-1.jpg,https://brickset.com/sets/30736-1
51868,42218,John Deere 1470H Wheeled Harvester,2026,Technic,Licensed,117,,Retail,Box,https://images.brickset.com/sets/images/42218-1.jpg,https://brickset.com/sets/42218-1
51869,42219,Monster Jam Grave Digger,2026,Technic,Monster Jam,263,,Retail,Box,https://images.brickset.com/sets/images/42219-1.jpg,https://brickset.com/sets/42219-1
51870,42220,Monster Jam Sparkle Smash,2026,Technic,Monster Jam,243,,Retail,Box,https://images.brickset.com/sets/images/42220-1.jpg,https://brickset.com/sets/42220-1
51871,42221,NASA Artemis Space Launch System Rocket,2026,Technic,Licensed,632,,Retail,Box,https://images.brickset.com/sets/images/42221-1.jpg,https://brickset.com/sets/42221-1
51872,42222,Bugatti Chiron Pur Sport,2026,Technic,Licensed,771,,Retail,Box,https://images.brickset.com/sets/images/42222-1.jpg,https://brickset.com/sets/42222-1
51873,42223,1966 Ford GT40 MKII,2026,Technic,Licensed,793,,Retail,Box,https://images.brickset.com/sets/images/42223-1.jpg,https://brickset.com/sets/42223-1
51874,42224,Porsche 911 GT3 R REXY AO Racing,2026,Technic,Licensed,1313,,Retail,Box,https://images.brickset.com/sets/images/42224-1.jpg,https://brickset.com/sets/42224-1
51875,42225,Yellow Motorcycle,2026,Technic,,151,,Retail,Box,https://images.brickset.com/sets/images/42225-1.jpg,https://brickset.com/sets/42225-1
51876,42226,BMW M4 GT3 EVO,2026,Technic,Licensed,747,,Retail,Box,https://images.brickset.com/sets/images/42226-1.jpg,https://brickset.com/sets/42226-1
51877,42227,Jeep Wrangler Rubicon,2026,Technic,Licensed,723,,Retail,Box,https://images.brickset.com/sets/images/42227-1.jpg,https://brickset.com/sets/42227-1
51878,42228,McLaren F1 Team MCL39,2026,Technic,Licensed,1675,,Retail,Box,https://images.brickset.com/sets/images/42228-1.jpg,https://brickset.com/sets/42228-1
52542,42229,{?},2026,Technic,Fast & Furious,827,,Retail,Box,,https://brickset.com/sets/42229-1
52543,42231,{?},2026,Technic,Fast & Furious,1516,,Retail,Box,,https://brickset.com/sets/42231-1
52541,42232,{?},2026,Technic,Licensed,4104,,Retail,Box,,https://brickset.com/sets/42232-1
52544,42233,{?},2026,Technic,,44,,{Not specified},{Not specified},,https://brickset.com/sets/42233-1
52545,42234,{?},2026,Technic,,805,,Retail,Box,,https://brickset.com/sets/42234-1
52546,42235,{?},2026,Technic,Licensed,882,,Retail,Box,,https://brickset.com/sets/42235-1
52547,42236,{?},2026,Technic,,973,,Retail,Box,,https://brickset.com/sets/42236-1
52548,42238,{?},2026,Technic,Licensed,457,,Retail,Box,,https://brickset.com/sets/42238-1
52549,42239,{?},2026,Technic,Licensed,719,,Retail,Box,,https://brickset.com/sets/42239-1
52550,42240,{?},2026,Technic,Licensed,1547,,Retail,Box,,https://brickset.com/sets/42240-1
52551,42241,{?},2026,Technic,Licensed,771,,Retail,Box,,https://brickset.com/sets/42241-1
52552,42242,{?},2026,Technic,Licensed,1189,,Retail,Box,,https://brickset.com/sets/42242-1
52174,L0002290,Research Submarine,2026,Technic,Magazine Gift,70,,Magazine gift,Paper bag,https://images.brickset.com/sets/images/412601-1.jpg,https://brickset.com/sets/L0002290-1
52360,L0002291,Super Sports Car,2026,Technic,Magazine Gift,79,,Magazine gift,Paper bag,https://images.brickset.com/sets/images/L0002291-1.jpg,https://brickset.com/sets/L0002291-1
52502,L0002292,Motorcycle,2026,Technic,Magazine Gift,68,,Magazine gift,Paper bag,https://images.brickset.com/sets/images/L0002292-1.jpg,https://brickset.com/sets/L0002292-1
51879,77093,Ocarina of Time - The Final Battle,2026,The Legend of Zelda,Ocarina of Time,1003,3,Retail,Box,https://images.brickset.com/sets/images/77093-1.jpg,https://brickset.com/sets/77093-1
52677,76787,{?},2026,Wednesday,,,,{Not specified},{Not specified},,https://brickset.com/sets/76787-1
52678,76788,{?},2026,Wednesday,,,,{Not specified},{Not specified},,https://brickset.com/sets/76788-1
